rule,rule_slug,dimension,family,seed,density,horizon,range_label,range_periods,range_shift_radius,selected_period,selected_shift_str,selected_nml_bits,selected_nll_bits,selected_complexity,selected_defect_rate,runner_up_period,runner_up_nml_bits,margin_bits,status,period_tie_count,selected_shift_tie_count
ECA-110,eca_110,1,eca,11,0.5,800,default_1d,1..10,6,4,-2,102871.67900336492,99644.91790805549,3226.76109530943,0.2035546875,8,105227.64296090043,2355.9639575355104,stable_winner,1,1
ECA-110,eca_110,1,eca,11,0.5,800,large,1..16,10,4,-2,102871.67900336492,99644.91790805549,3226.76109530943,0.2035546875,8,105227.64296090043,2355.9639575355104,stable_winner,1,1
ECA-110,eca_110,1,eca,11,0.5,800,small,1..6,3,4,-2,102871.67900336492,99644.91790805549,3226.76109530943,0.2035546875,2,132102.96845115777,29231.28944779285,stable_winner,1,1
ECA-110,eca_110,1,eca,12,0.5,800,default_1d,1..10,6,4,-2,119588.87230718683,116362.1112118774,3226.76109530943,0.27199869791666664,8,121937.41848070522,2348.5461735183926,stable_winner,1,1
ECA-110,eca_110,1,eca,12,0.5,800,large,1..16,10,4,-2,119588.87230718683,116362.1112118774,3226.76109530943,0.27199869791666664,8,121937.41848070522,2348.5461735183926,stable_winner,1,1
ECA-110,eca_110,1,eca,12,0.5,800,small,1..6,3,4,-2,119588.87230718683,116362.1112118774,3226.76109530943,0.27199869791666664,2,142854.89363158395,23266.021324397123,stable_winner,1,1
ECA-110,eca_110,1,eca,13,0.5,800,default_1d,1..10,6,10,2,137667.84627023208,130810.70156100171,6857.144709230364,0.30875,7,139074.06493798466,1406.2186677525751,stable_winner,1,1
ECA-110,eca_110,1,eca,13,0.5,800,large,1..16,10,10,2,137667.84627023208,130810.70156100171,6857.144709230364,0.30875,7,139074.06493798466,1406.2186677525751,stable_winner,1,1
ECA-110,eca_110,1,eca,13,0.5,800,small,1..6,3,3,2,139191.0355218948,136682.44390391465,2508.5916179801525,0.34032552083333334,4,143964.38854442613,4773.353022531315,stable_winner,1,1
ECA-110,eca_110,1,eca,14,0.5,800,default_1d,1..10,6,7,0,128812.59970351013,123685.20711828108,5127.392585229051,0.2923763020833333,10,141743.29356210114,12930.69385859101,stable_winner,1,1
ECA-110,eca_110,1,eca,14,0.5,800,large,1..16,10,7,0,128812.59970351013,123685.20711828108,5127.392585229051,0.2923763020833333,14,132362.78944563103,3550.1897421208996,stable_winner,1,1
ECA-110,eca_110,1,eca,14,0.5,800,small,1..6,3,4,-2,143838.97755857432,140612.2164632649,3226.76109530943,0.3692122395833333,3,145765.42533414584,1926.4477755715197,stable_winner,1,1
ECA-110,eca_110,1,eca,15,0.5,800,default_1d,1..10,6,7,0,142210.19409690902,137082.80151167998,5127.392585229051,0.34088541666666666,4,148107.714193789,5897.520096879976,stable_winner,1,1
ECA-110,eca_110,1,eca,15,0.5,800,large,1..16,10,7,0,142210.19409690902,137082.80151167998,5127.392585229051,0.34088541666666666,14,145729.09371672675,3518.8996198177338,stable_winner,1,1
ECA-110,eca_110,1,eca,15,0.5,800,small,1..6,3,4,-2,148107.714193789,144880.95309847957,3226.76109530943,0.38603515625,3,149303.17625088213,1195.4620570931293,stable_winner,1,1
ECA-30,eca_30,1,eca,11,0.5,800,default_1d,1..10,6,1,-5,154420.02111725268,153431.66729460497,988.3538226477162,0.4843294270833333,2,154794.27500194503,374.2538846923562,stable_winner,1,1
ECA-30,eca_30,1,eca,11,0.5,800,large,1..16,10,1,-5,154420.02111725268,153431.66729460497,988.3538226477162,0.4843294270833333,2,154794.27500194503,374.2538846923562,stable_winner,1,1
ECA-30,eca_30,1,eca,11,0.5,800,small,1..6,3,1,-1,154445.27990737083,153456.92608472312,988.3538226477162,0.4853971354166667,2,154794.27500194503,348.9950945742021,stable_winner,1,1
ECA-30,eca_30,1,eca,12,0.5,800,default_1d,1..10,6,1,5,154409.59079022633,153421.23696757862,988.3538226477162,0.4836783854166667,2,154737.15132257622,327.5605323498894,stable_winner,1,1
ECA-30,eca_30,1,eca,12,0.5,800,large,1..16,10,1,5,154409.59079022633,153421.23696757862,988.3538226477162,0.4836783854166667,2,154737.15132257622,327.5605323498894,stable_winner,1,1
ECA-30,eca_30,1,eca,12,0.5,800,small,1..6,3,1,0,154418.34739864932,153429.9935760016,988.3538226477162,0.48418619791666667,2,154737.15132257622,318.8039239268983,stable_winner,1,1
ECA-30,eca_30,1,eca,13,0.5,800,default_1d,1..10,6,1,-5,154406.58836644347,153418.23454379576,988.3538226477162,0.48395182291666666,2,154819.54811417597,412.95974773250055,stable_winner,1,1
ECA-30,eca_30,1,eca,13,0.5,800,large,1..16,10,1,8,154404.64628251997,153416.29245987226,988.3538226477162,0.48405598958333335,2,154819.54811417597,414.9018316559959,stable_winner,1,1
ECA-30,eca_30,1,eca,13,0.5,800,small,1..6,3,1,3,154421.10929461656,153432.75547196885,988.3538226477162,0.48419921875,2,154819.54811417597,398.4388195594074,stable_winner,1,1
ECA-30,eca_30,1,eca,14,0.5,800,default_1d,1..10,6,1,6,154423.46160328414,153435.10778063643,988.3538226477162,0.48443359375,2,154786.0452424357,362.58363915156224,stable_winner,1,1
ECA-30,eca_30,1,eca,14,0.5,800,large,1..16,10,1,6,154423.46160328414,153435.10778063643,988.3538226477162,0.48443359375,2,154786.0452424357,362.58363915156224,stable_winner,1,1
ECA-30,eca_30,1,eca,14,0.5,800,small,1..6,3,1,0,154423.6734348131,153435.3196121654,988.3538226477162,0.48440755208333336,2,154786.0452424357,362.37180762260687,stable_winner,1,1
ECA-30,eca_30,1,eca,15,0.5,800,default_1d,1..10,6,1,4,154413.29752977018,153424.94370712247,988.3538226477162,0.48404296875,2,154661.5703623317,248.27283256151713,stable_winner,1,1
ECA-30,eca_30,1,eca,15,0.5,800,large,1..16,10,1,4,154413.29752977018,153424.94370712247,988.3538226477162,0.48404296875,2,154661.5703623317,248.27283256151713,stable_winner,1,1
ECA-30,eca_30,1,eca,15,0.5,800,small,1..6,3,1,3,154424.47963982756,153436.12581717985,988.3538226477162,0.48431640625,2,154661.5703623317,237.0907225041301,stable_winner,1,1
ECA-54,eca_54,1,eca,11,0.5,800,default_1d,1..10,6,4,0,122447.63868505182,119220.87758974239,3226.76109530943,0.2953645833333333,8,124766.3326246151,2318.69393956328,stable_winner,1,1
ECA-54,eca_54,1,eca,11,0.5,800,large,1..16,10,4,0,122447.63868505182,119220.87758974239,3226.76109530943,0.2953645833333333,8,124766.3326246151,2318.69393956328,stable_winner,1,1
ECA-54,eca_54,1,eca,11,0.5,800,small,1..6,3,4,0,122447.63868505182,119220.87758974239,3226.76109530943,0.2953645833333333,2,136849.01141946265,14401.372734410834,stable_winner,1,1
ECA-54,eca_54,1,eca,12,0.5,800,default_1d,1..10,6,4,0,139502.8091501543,136276.04805484487,3226.76109530943,0.33458333333333334,2,141486.88588982224,1984.076739667944,stable_winner,1,1
ECA-54,eca_54,1,eca,12,0.5,800,large,1..16,10,4,0,139502.8091501543,136276.04805484487,3226.76109530943,0.33458333333333334,2,141486.88588982224,1984.076739667944,stable_winner,1,1
ECA-54,eca_54,1,eca,12,0.5,800,small,1..6,3,4,0,139502.8091501543,136276.04805484487,3226.76109530943,0.33458333333333334,2,141486.88588982224,1984.076739667944,stable_winner,1,1
ECA-54,eca_54,1,eca,13,0.5,800,default_1d,1..10,6,4,0,126828.31473195512,123601.5536366457,3226.76109530943,0.2944466145833333,8,129189.54466380808,2361.229931852955,stable_winner,1,1
ECA-54,eca_54,1,eca,13,0.5,800,large,1..16,10,4,0,126828.31473195512,123601.5536366457,3226.76109530943,0.2944466145833333,8,129189.54466380808,2361.229931852955,stable_winner,1,1
ECA-54,eca_54,1,eca,13,0.5,800,small,1..6,3,4,0,126828.31473195512,123601.5536366457,3226.76109530943,0.2944466145833333,2,137724.987379926,10896.672647970874,stable_winner,1,1
ECA-54,eca_54,1,eca,14,0.5,800,default_1d,1..10,6,4,0,138543.62859221827,135316.86749690885,3226.76109530943,0.33349609375,8,140864.86599320843,2321.237400990154,stable_winner,1,1
ECA-54,eca_54,1,eca,14,0.5,800,large,1..16,10,4,0,138543.62859221827,135316.86749690885,3226.76109530943,0.33349609375,8,140864.86599320843,2321.237400990154,stable_winner,1,1
ECA-54,eca_54,1,eca,14,0.5,800,small,1..6,3,4,0,138543.62859221827,135316.86749690885,3226.76109530943,0.33349609375,2,141355.0784011492,2811.44980893092,stable_winner,1,1
ECA-54,eca_54,1,eca,15,0.5,800,default_1d,1..10,6,4,0,130311.67469433998,127084.91359903055,3226.76109530943,0.31127604166666667,8,132614.56414096622,2302.8894466262427,stable_winner,1,1
ECA-54,eca_54,1,eca,15,0.5,800,large,1..16,10,4,0,130311.67469433998,127084.91359903055,3226.76109530943,0.31127604166666667,8,132614.56414096622,2302.8894466262427,stable_winner,1,1
ECA-54,eca_54,1,eca,15,0.5,800,small,1..6,3,4,0,130311.67469433998,127084.91359903055,3226.76109530943,0.31127604166666667,2,138042.3700140806,7730.695319740626,stable_winner,1,1
Diamoeba,diamoeba,2,life_rulestring,11,0.5,800,default_2d,1..8,2,1,"(0, 0)",671271.1620333719,650186.2804835539,21084.881549817947,0.03853790283203125,2,684798.6482964016,13527.486263029743,stable_winner,1,1
Diamoeba,diamoeba,2,life_rulestring,11,0.5,800,large,1..10,3,1,"(0, 0)",671271.1620333719,650186.2804835539,21084.881549817947,0.03853790283203125,2,684798.6482964016,13527.486263029743,stable_winner,1,1
Diamoeba,diamoeba,2,life_rulestring,11,0.5,800,small,1..4,1,1,"(0, 0)",671271.1620333719,650186.2804835539,21084.881549817947,0.03853790283203125,2,684798.6482964016,13527.486263029743,stable_winner,1,1
Diamoeba,diamoeba,2,life_rulestring,12,0.5,800,default_2d,1..8,2,1,"(0, 0)",985843.4574260355,964758.5758762176,21084.881549817947,0.0624053955078125,2,999538.6623599243,13695.204933888745,stable_winner,1,1
Diamoeba,diamoeba,2,life_rulestring,12,0.5,800,large,1..10,3,1,"(0, 0)",985843.4574260355,964758.5758762176,21084.881549817947,0.0624053955078125,2,999538.6623599243,13695.204933888745,stable_winner,1,1
Diamoeba,diamoeba,2,life_rulestring,12,0.5,800,small,1..4,1,1,"(0, 0)",985843.4574260355,964758.5758762176,21084.881549817947,0.0624053955078125,2,999538.6623599243,13695.204933888745,stable_winner,1,1
Diamoeba,diamoeba,2,life_rulestring,13,0.5,800,default_2d,1..8,2,1,"(0, 0)",1692253.1317449291,1671168.2501951111,21084.881549817947,0.17166534423828125,2,1700116.6777572138,7863.5460122847,stable_winner,1,1
Diamoeba,diamoeba,2,life_rulestring,13,0.5,800,large,1..10,3,1,"(0, 0)",1692253.1317449291,1671168.2501951111,21084.881549817947,0.17166534423828125,2,1700116.6777572138,7863.5460122847,stable_winner,1,1
Diamoeba,diamoeba,2,life_rulestring,13,0.5,800,small,1..4,1,1,"(0, 0)",1692253.1317449291,1671168.2501951111,21084.881549817947,0.17166534423828125,2,1700116.6777572138,7863.5460122847,stable_winner,1,1
Diamoeba,diamoeba,2,life_rulestring,14,0.5,800,default_2d,1..8,2,1,"(0, 0)",1104312.046419163,1083227.164869345,21084.881549817947,0.0738397216796875,2,1117428.342196906,13116.295777742984,stable_winner,1,1
Diamoeba,diamoeba,2,life_rulestring,14,0.5,800,large,1..10,3,1,"(0, 0)",1104312.046419163,1083227.164869345,21084.881549817947,0.0738397216796875,2,1117428.342196906,13116.295777742984,stable_winner,1,1
Diamoeba,diamoeba,2,life_rulestring,14,0.5,800,small,1..4,1,1,"(0, 0)",1104312.046419163,1083227.164869345,21084.881549817947,0.0738397216796875,2,1117428.342196906,13116.295777742984,stable_winner,1,1
Diamoeba,diamoeba,2,life_rulestring,15,0.5,800,default_2d,1..8,2,2,"(0, 0)",1040467.2808414521,1002393.5177418161,38073.76309963589,0.0786279296875,4,1069890.3742303883,29423.09338893625,stable_winner,1,1
Diamoeba,diamoeba,2,life_rulestring,15,0.5,800,large,1..10,3,2,"(0, 0)",1040467.2808414521,1002393.5177418161,38073.76309963589,0.0786279296875,4,1069890.3742303883,29423.09338893625,stable_winner,1,1
Diamoeba,diamoeba,2,life_rulestring,15,0.5,800,small,1..4,1,2,"(0, 0)",1040467.2808414521,1002393.5177418161,38073.76309963589,0.0786279296875,4,1069890.3742303883,29423.09338893625,stable_winner,1,1
Maze with Mice,maze_with_mice,2,life_rulestring,11,0.5,800,default_2d,1..8,2,2,"(0, 0)",129782.40285965582,91708.63976001993,38073.76309963589,0.00623291015625,4,157288.79811126716,27506.395251611335,stable_winner,1,1
Maze with Mice,maze_with_mice,2,life_rulestring,11,0.5,800,large,1..10,3,2,"(0, 0)",129782.40285965582,91708.63976001993,38073.76309963589,0.00623291015625,4,157288.79811126716,27506.395251611335,stable_winner,1,1
Maze with Mice,maze_with_mice,2,life_rulestring,11,0.5,800,small,1..4,1,2,"(0, 0)",129782.40285965582,91708.63976001993,38073.76309963589,0.00623291015625,4,157288.79811126716,27506.395251611335,stable_winner,1,1
Maze with Mice,maze_with_mice,2,life_rulestring,12,0.5,800,default_2d,1..8,2,2,"(0, 0)",122197.78485713818,84124.02175750228,38073.76309963589,0.0058544921875,4,144241.20684767273,22043.421990534553,stable_winner,1,1
Maze with Mice,maze_with_mice,2,life_rulestring,12,0.5,800,large,1..10,3,2,"(0, 0)",122197.78485713818,84124.02175750228,38073.76309963589,0.0058544921875,4,144241.20684767273,22043.421990534553,stable_winner,1,1
Maze with Mice,maze_with_mice,2,life_rulestring,12,0.5,800,small,1..4,1,2,"(0, 0)",122197.78485713818,84124.02175750228,38073.76309963589,0.0058544921875,4,144241.20684767273,22043.421990534553,stable_winner,1,1
Maze with Mice,maze_with_mice,2,life_rulestring,13,0.5,800,default_2d,1..8,2,2,"(0, 0)",119139.501507191,81065.73840755511,38073.76309963589,0.00532073974609375,4,140887.1853240917,21747.683816900695,stable_winner,1,1
Maze with Mice,maze_with_mice,2,life_rulestring,13,0.5,800,large,1..10,3,2,"(0, 0)",119139.501507191,81065.73840755511,38073.76309963589,0.00532073974609375,4,140887.1853240917,21747.683816900695,stable_winner,1,1
Maze with Mice,maze_with_mice,2,life_rulestring,13,0.5,800,small,1..4,1,2,"(0, 0)",119139.501507191,81065.73840755511,38073.76309963589,0.00532073974609375,4,140887.1853240917,21747.683816900695,stable_winner,1,1
Maze with Mice,maze_with_mice,2,life_rulestring,14,0.5,800,default_2d,1..8,2,2,"(0, 0)",87620.59149222147,49546.82839258558,38073.76309963589,0.0026898193359375,1,101083.95740299628,13463.36591077481,stable_winner,1,1
Maze with Mice,maze_with_mice,2,life_rulestring,14,0.5,800,large,1..10,3,2,"(0, 0)",87620.59149222147,49546.82839258558,38073.76309963589,0.0026898193359375,1,101083.95740299628,13463.36591077481,stable_winner,1,1
Maze with Mice,maze_with_mice,2,life_rulestring,14,0.5,800,small,1..4,1,2,"(0, 0)",87620.59149222147,49546.82839258558,38073.76309963589,0.0026898193359375,1,101083.95740299628,13463.36591077481,stable_winner,1,1
Maze with Mice,maze_with_mice,2,life_rulestring,15,0.5,800,default_2d,1..8,2,2,"(0, 0)",118611.45322262368,80537.69012298778,38073.76309963589,0.0054754638671875,4,142743.48107202203,24132.02784939835,stable_winner,1,1
Maze with Mice,maze_with_mice,2,life_rulestring,15,0.5,800,large,1..10,3,2,"(0, 0)",118611.45322262368,80537.69012298778,38073.76309963589,0.0054754638671875,4,142743.48107202203,24132.02784939835,stable_winner,1,1
Maze with Mice,maze_with_mice,2,life_rulestring,15,0.5,800,small,1..4,1,2,"(0, 0)",118611.45322262368,80537.69012298778,38073.76309963589,0.0054754638671875,4,142743.48107202203,24132.02784939835,stable_winner,1,1
S11/B37,s11_b37,2,life_range,11,0.5,800,default_2d,1..8,2,4,"(0, 0)",152036.26819762908,83198.69816436122,68837.57003326784,0.00538818359375,2,170837.20464167572,18800.936444046645,stable_winner,1,1
S11/B37,s11_b37,2,life_range,11,0.5,800,large,1..10,3,4,"(0, 0)",152036.26819762908,83198.69816436122,68837.57003326784,0.00538818359375,2,170837.20464167572,18800.936444046645,stable_winner,1,1
S11/B37,s11_b37,2,life_range,11,0.5,800,small,1..4,1,4,"(0, 0)",152036.26819762908,83198.69816436122,68837.57003326784,0.00538818359375,2,170837.20464167572,18800.936444046645,stable_winner,1,1
S11/B37,s11_b37,2,life_range,12,0.5,800,default_2d,1..8,2,4,"(0, 0)",136168.2242352342,67330.65420196638,68837.57003326784,0.0042266845703125,2,158945.73845401092,22777.51421877672,stable_winner,1,1
S11/B37,s11_b37,2,life_range,12,0.5,800,large,1..10,3,4,"(0, 0)",136168.2242352342,67330.65420196638,68837.57003326784,0.0042266845703125,2,158945.73845401092,22777.51421877672,stable_winner,1,1
S11/B37,s11_b37,2,life_range,12,0.5,800,small,1..4,1,4,"(0, 0)",136168.2242352342,67330.65420196638,68837.57003326784,0.0042266845703125,2,158945.73845401092,22777.51421877672,stable_winner,1,1
S11/B37,s11_b37,2,life_range,13,0.5,800,default_2d,1..8,2,4,"(0, 0)",123272.30974354676,54434.739710278925,68837.57003326784,0.00289581298828125,2,149378.9114243642,26106.60168081743,stable_winner,1,1
S11/B37,s11_b37,2,life_range,13,0.5,800,large,1..10,3,4,"(0, 0)",123272.30974354676,54434.739710278925,68837.57003326784,0.00289581298828125,2,149378.9114243642,26106.60168081743,stable_winner,1,1
S11/B37,s11_b37,2,life_range,13,0.5,800,small,1..4,1,4,"(0, 0)",123272.30974354676,54434.739710278925,68837.57003326784,0.00289581298828125,2,149378.9114243642,26106.60168081743,stable_winner,1,1
S11/B37,s11_b37,2,life_range,14,0.5,800,default_2d,1..8,2,4,"(0, 0)",124624.46440647356,55786.89437320573,68837.57003326784,0.00326080322265625,2,150313.9393496273,25689.474943153735,stable_winner,1,1
S11/B37,s11_b37,2,life_range,14,0.5,800,large,1..10,3,4,"(0, 0)",124624.46440647356,55786.89437320573,68837.57003326784,0.00326080322265625,2,150313.9393496273,25689.474943153735,stable_winner,1,1
S11/B37,s11_b37,2,life_range,14,0.5,800,small,1..4,1,4,"(0, 0)",124624.46440647356,55786.89437320573,68837.57003326784,0.00326080322265625,2,150313.9393496273,25689.474943153735,stable_winner,1,1
S11/B37,s11_b37,2,life_range,15,0.5,800,default_2d,1..8,2,4,"(0, 0)",126746.7540873991,57909.184054131256,68837.57003326784,0.002552490234375,2,131293.29257577856,4546.538488379461,stable_winner,1,1
S11/B37,s11_b37,2,life_range,15,0.5,800,large,1..10,3,4,"(0, 0)",126746.7540873991,57909.184054131256,68837.57003326784,0.002552490234375,2,131293.29257577856,4546.538488379461,stable_winner,1,1
S11/B37,s11_b37,2,life_range,15,0.5,800,small,1..4,1,4,"(0, 0)",126746.7540873991,57909.184054131256,68837.57003326784,0.002552490234375,2,131293.29257577856,4546.538488379461,stable_winner,1,1
S24/B11,s24_b11,2,life_range,11,0.5,800,default_2d,1..8,2,2,"(0, 0)",136574.64066553971,98500.87756590384,38073.76309963589,0.00732421875,1,149828.1906219422,13253.54995640248,stable_winner,1,1
S24/B11,s24_b11,2,life_range,11,0.5,800,large,1..10,3,2,"(0, 0)",136574.64066553971,98500.87756590384,38073.76309963589,0.00732421875,1,149828.1906219422,13253.54995640248,stable_winner,1,1
S24/B11,s24_b11,2,life_range,11,0.5,800,small,1..4,1,2,"(0, 0)",136574.64066553971,98500.87756590384,38073.76309963589,0.00732421875,1,149828.1906219422,13253.54995640248,stable_winner,1,1
S24/B11,s24_b11,2,life_range,12,0.5,800,default_2d,1..8,2,2,"(0, 0)",135155.19182593765,97081.42872630176,38073.76309963589,0.00788543701171875,4,147934.0341201035,12778.842294165835,stable_winner,1,1
S24/B11,s24_b11,2,life_range,12,0.5,800,large,1..10,3,2,"(0, 0)",135155.19182593765,97081.42872630176,38073.76309963589,0.00788543701171875,4,147934.0341201035,12778.842294165835,stable_winner,1,1
S24/B11,s24_b11,2,life_range,12,0.5,800,small,1..4,1,2,"(0, 0)",135155.19182593765,97081.42872630176,38073.76309963589,0.00788543701171875,4,147934.0341201035,12778.842294165835,stable_winner,1,1
S24/B11,s24_b11,2,life_range,13,0.5,800,default_2d,1..8,2,2,"(0, 0)",133168.6882687044,95094.9251690685,38073.76309963589,0.007122802734375,4,149108.90086705415,15940.212598349754,stable_winner,1,1
S24/B11,s24_b11,2,life_range,13,0.5,800,large,1..10,3,2,"(0, 0)",133168.6882687044,95094.9251690685,38073.76309963589,0.007122802734375,4,149108.90086705415,15940.212598349754,stable_winner,1,1
S24/B11,s24_b11,2,life_range,13,0.5,800,small,1..4,1,2,"(0, 0)",133168.6882687044,95094.9251690685,38073.76309963589,0.007122802734375,4,149108.90086705415,15940.212598349754,stable_winner,1,1
S24/B11,s24_b11,2,life_range,14,0.5,800,default_2d,1..8,2,2,"(0, 0)",128129.01626469646,90055.25316506057,38073.76309963589,0.00670166015625,4,148284.25123156476,20155.234966868302,stable_winner,1,1
S24/B11,s24_b11,2,life_range,14,0.5,800,large,1..10,3,2,"(0, 0)",128129.01626469646,90055.25316506057,38073.76309963589,0.00670166015625,4,148284.25123156476,20155.234966868302,stable_winner,1,1
S24/B11,s24_b11,2,life_range,14,0.5,800,small,1..4,1,2,"(0, 0)",128129.01626469646,90055.25316506057,38073.76309963589,0.00670166015625,4,148284.25123156476,20155.234966868302,stable_winner,1,1
S24/B11,s24_b11,2,life_range,15,0.5,800,default_2d,1..8,2,2,"(0, 0)",126462.29199668577,88388.52889704988,38073.76309963589,0.0064794921875,4,147501.08424087754,21038.79224419176,stable_winner,1,1
S24/B11,s24_b11,2,life_range,15,0.5,800,large,1..10,3,2,"(0, 0)",126462.29199668577,88388.52889704988,38073.76309963589,0.0064794921875,4,147501.08424087754,21038.79224419176,stable_winner,1,1
S24/B11,s24_b11,2,life_range,15,0.5,800,small,1..4,1,2,"(0, 0)",126462.29199668577,88388.52889704988,38073.76309963589,0.0064794921875,4,147501.08424087754,21038.79224419176,stable_winner,1,1
S37/B11,s37_b11,2,life_range,11,0.5,800,default_2d,1..8,2,2,"(0, 0)",193091.14453300895,155017.38143337306,38073.76309963589,0.0128851318359375,4,212647.76332631573,19556.618793306785,stable_winner,1,1
S37/B11,s37_b11,2,life_range,11,0.5,800,large,1..10,3,2,"(0, 0)",193091.14453300895,155017.38143337306,38073.76309963589,0.0128851318359375,4,212647.76332631573,19556.618793306785,stable_winner,1,1
S37/B11,s37_b11,2,life_range,11,0.5,800,small,1..4,1,2,"(0, 0)",193091.14453300895,155017.38143337306,38073.76309963589,0.0128851318359375,4,212647.76332631573,19556.618793306785,stable_winner,1,1
S37/B11,s37_b11,2,life_range,12,0.5,800,default_2d,1..8,2,2,"(0, 0)",198274.837817032,160201.0747173961,38073.76309963589,0.0133355712890625,4,216901.61977515923,18626.78195812722,stable_winner,1,1
S37/B11,s37_b11,2,life_range,12,0.5,800,large,1..10,3,2,"(0, 0)",198274.837817032,160201.0747173961,38073.76309963589,0.0133355712890625,4,216901.61977515923,18626.78195812722,stable_winner,1,1
S37/B11,s37_b11,2,life_range,12,0.5,800,small,1..4,1,2,"(0, 0)",198274.837817032,160201.0747173961,38073.76309963589,0.0133355712890625,4,216901.61977515923,18626.78195812722,stable_winner,1,1
S37/B11,s37_b11,2,life_range,13,0.5,800,default_2d,1..8,2,2,"(0, 0)",183042.28584419927,144968.52274456338,38073.76309963589,0.0121258544921875,4,200780.5010313022,17738.215187102935,stable_winner,1,1
S37/B11,s37_b11,2,life_range,13,0.5,800,large,1..10,3,2,"(0, 0)",183042.28584419927,144968.52274456338,38073.76309963589,0.0121258544921875,4,200780.5010313022,17738.215187102935,stable_winner,1,1
S37/B11,s37_b11,2,life_range,13,0.5,800,small,1..4,1,2,"(0, 0)",183042.28584419927,144968.52274456338,38073.76309963589,0.0121258544921875,4,200780.5010313022,17738.215187102935,stable_winner,1,1
S37/B11,s37_b11,2,life_range,14,0.5,800,default_2d,1..8,2,2,"(0, 0)",198273.7490417392,160199.98594210332,38073.76309963589,0.01357757568359375,4,222430.9991479598,24157.2501062206,stable_winner,1,1
S37/B11,s37_b11,2,life_range,14,0.5,800,large,1..10,3,2,"(0, 0)",198273.7490417392,160199.98594210332,38073.76309963589,0.01357757568359375,4,222430.9991479598,24157.2501062206,stable_winner,1,1
S37/B11,s37_b11,2,life_range,14,0.5,800,small,1..4,1,2,"(0, 0)",198273.7490417392,160199.98594210332,38073.76309963589,0.01357757568359375,4,222430.9991479598,24157.2501062206,stable_winner,1,1
S37/B11,s37_b11,2,life_range,15,0.5,800,default_2d,1..8,2,2,"(0, 0)",223339.0423596769,185265.27926004102,38073.76309963589,0.0147845458984375,4,242911.7709146948,19572.72855501788,stable_winner,1,1
S37/B11,s37_b11,2,life_range,15,0.5,800,large,1..10,3,2,"(0, 0)",223339.0423596769,185265.27926004102,38073.76309963589,0.0147845458984375,4,242911.7709146948,19572.72855501788,stable_winner,1,1
S37/B11,s37_b11,2,life_range,15,0.5,800,small,1..4,1,2,"(0, 0)",223339.0423596769,185265.27926004102,38073.76309963589,0.0147845458984375,4,242911.7709146948,19572.72855501788,stable_winner,1,1
3d-life,3d_life,3,rule3d,11,0.2,80,default_3d,1..4,2,1,"(0, 0, 0)",101253.64897059044,86625.073590899,14628.575379691443,0.051092529296875,2,109934.60249144505,8680.953520854615,stable_winner,1,1
3d-life,3d_life,3,rule3d,11,0.2,80,large,1..6,2,1,"(0, 0, 0)",101253.64897059044,86625.073590899,14628.575379691443,0.051092529296875,2,109934.60249144505,8680.953520854615,stable_winner,1,1
3d-life,3d_life,3,rule3d,11,0.2,80,small,1..3,1,1,"(0, 0, 0)",101253.64897059044,86625.073590899,14628.575379691443,0.051092529296875,2,109934.60249144505,8680.953520854615,stable_winner,1,1
3d-life,3d_life,3,rule3d,12,0.2,80,default_3d,1..4,2,1,"(0, 0, 0)",127667.28911405773,113038.71373436629,14628.575379691443,0.071990966796875,2,136209.27500345398,8541.985889396252,stable_winner,1,1
3d-life,3d_life,3,rule3d,12,0.2,80,large,1..6,2,1,"(0, 0, 0)",127667.28911405773,113038.71373436629,14628.575379691443,0.071990966796875,2,136209.27500345398,8541.985889396252,stable_winner,1,1
3d-life,3d_life,3,rule3d,12,0.2,80,small,1..3,1,1,"(0, 0, 0)",127667.28911405773,113038.71373436629,14628.575379691443,0.071990966796875,2,136209.27500345398,8541.985889396252,stable_winner,1,1
3d-life,3d_life,3,rule3d,13,0.2,80,default_3d,1..4,2,1,"(0, 0, 0)",126697.41382156918,112068.83844187774,14628.575379691443,0.070648193359375,2,135272.1105144566,8574.696692887432,stable_winner,1,1
3d-life,3d_life,3,rule3d,13,0.2,80,large,1..6,2,1,"(0, 0, 0)",126697.41382156918,112068.83844187774,14628.575379691443,0.070648193359375,2,135272.1105144566,8574.696692887432,stable_winner,1,1
3d-life,3d_life,3,rule3d,13,0.2,80,small,1..3,1,1,"(0, 0, 0)",126697.41382156918,112068.83844187774,14628.575379691443,0.070648193359375,2,135272.1105144566,8574.696692887432,stable_winner,1,1
3d-life,3d_life,3,rule3d,14,0.2,80,default_3d,1..4,2,1,"(0, 0, 0)",126511.76910407768,111883.19372438623,14628.575379691443,0.07081298828125,2,135160.33673428596,8648.567630208272,stable_winner,1,1
3d-life,3d_life,3,rule3d,14,0.2,80,large,1..6,2,1,"(0, 0, 0)",126511.76910407768,111883.19372438623,14628.575379691443,0.07081298828125,2,135160.33673428596,8648.567630208272,stable_winner,1,1
3d-life,3d_life,3,rule3d,14,0.2,80,small,1..3,1,1,"(0, 0, 0)",126511.76910407768,111883.19372438623,14628.575379691443,0.07081298828125,2,135160.33673428596,8648.567630208272,stable_winner,1,1
3d-life,3d_life,3,rule3d,15,0.2,80,default_3d,1..4,2,1,"(0, 0, 0)",130890.15957243688,116261.58419274543,14628.575379691443,0.0748870849609375,2,139519.52929459748,8629.369722160598,stable_winner,1,1
3d-life,3d_life,3,rule3d,15,0.2,80,large,1..6,2,1,"(0, 0, 0)",130890.15957243688,116261.58419274543,14628.575379691443,0.0748870849609375,2,139519.52929459748,8629.369722160598,stable_winner,1,1
3d-life,3d_life,3,rule3d,15,0.2,80,small,1..3,1,1,"(0, 0, 0)",130890.15957243688,116261.58419274543,14628.575379691443,0.0748870849609375,2,139519.52929459748,8629.369722160598,stable_winner,1,1
clouds,clouds,3,rule3d,11,0.6,80,default_3d,1..4,2,1,"(0, 0, 0)",24424.1575550611,9795.582175369656,14628.575379691443,0.00447998046875,2,34623.7435467922,10199.585991731095,stable_winner,1,1
clouds,clouds,3,rule3d,11,0.6,80,large,1..6,2,1,"(0, 0, 0)",24424.1575550611,9795.582175369656,14628.575379691443,0.00447998046875,2,34623.7435467922,10199.585991731095,stable_winner,1,1
clouds,clouds,3,rule3d,11,0.6,80,small,1..3,1,1,"(0, 0, 0)",24424.1575550611,9795.582175369656,14628.575379691443,0.00447998046875,2,34623.7435467922,10199.585991731095,stable_winner,1,1
clouds,clouds,3,rule3d,12,0.6,80,default_3d,1..4,2,1,"(0, 0, 0)",215565.79645570426,200937.22107601282,14628.575379691443,0.217083740234375,2,225495.73751776584,9929.941062061582,stable_winner,1,1
clouds,clouds,3,rule3d,12,0.6,80,large,1..6,2,1,"(0, 0, 0)",215565.79645570426,200937.22107601282,14628.575379691443,0.217083740234375,2,225495.73751776584,9929.941062061582,stable_winner,1,1
clouds,clouds,3,rule3d,12,0.6,80,small,1..3,1,1,"(0, 0, 0)",215565.79645570426,200937.22107601282,14628.575379691443,0.217083740234375,2,225495.73751776584,9929.941062061582,stable_winner,1,1
clouds,clouds,3,rule3d,13,0.6,80,default_3d,1..4,2,1,"(0, 0, 0)",246710.47203017483,232081.8966504834,14628.575379691443,0.272601318359375,2,256778.1503476854,10067.678317510581,stable_winner,1,1
clouds,clouds,3,rule3d,13,0.6,80,large,1..6,2,1,"(0, 0, 0)",246710.47203017483,232081.8966504834,14628.575379691443,0.272601318359375,2,256778.1503476854,10067.678317510581,stable_winner,1,1
clouds,clouds,3,rule3d,13,0.6,80,small,1..3,1,1,"(0, 0, 0)",246710.47203017483,232081.8966504834,14628.575379691443,0.272601318359375,2,256778.1503476854,10067.678317510581,stable_winner,1,1
clouds,clouds,3,rule3d,14,0.6,80,default_3d,1..4,2,1,"(0, 0, 0)",121508.90214943179,106880.32676974035,14628.575379691443,0.108929443359375,2,131603.13392638008,10094.23177694829,stable_winner,1,1
clouds,clouds,3,rule3d,14,0.6,80,large,1..6,2,1,"(0, 0, 0)",121508.90214943179,106880.32676974035,14628.575379691443,0.108929443359375,2,131603.13392638008,10094.23177694829,stable_winner,1,1
clouds,clouds,3,rule3d,14,0.6,80,small,1..3,1,1,"(0, 0, 0)",121508.90214943179,106880.32676974035,14628.575379691443,0.108929443359375,2,131603.13392638008,10094.23177694829,stable_winner,1,1
clouds,clouds,3,rule3d,15,0.6,80,default_3d,1..4,2,1,"(0, 0, 0)",39851.1952763459,25222.619896654458,14628.575379691443,0.0143768310546875,2,49893.16845784485,10041.97318149895,stable_winner,1,1
clouds,clouds,3,rule3d,15,0.6,80,large,1..6,2,1,"(0, 0, 0)",39851.1952763459,25222.619896654458,14628.575379691443,0.0143768310546875,2,49893.16845784485,10041.97318149895,stable_winner,1,1
clouds,clouds,3,rule3d,15,0.6,80,small,1..3,1,1,"(0, 0, 0)",39851.1952763459,25222.619896654458,14628.575379691443,0.0143768310546875,2,49893.16845784485,10041.97318149895,stable_winner,1,1
crystal,crystal,3,rule3d,11,0.1,80,default_3d,1..4,2,2,"(0, 0, 0)",237730.1651215173,212286.92222211655,25443.24289940073,0.2093994140625,4,248874.09860643581,11143.933484918525,stable_winner,1,1
crystal,crystal,3,rule3d,11,0.1,80,large,1..6,2,2,"(0, 0, 0)",237730.1651215173,212286.92222211655,25443.24289940073,0.2093994140625,4,248874.09860643581,11143.933484918525,stable_winner,1,1
crystal,crystal,3,rule3d,11,0.1,80,small,1..3,1,2,"(0, 0, 0)",237730.1651215173,212286.92222211655,25443.24289940073,0.2093994140625,1,254844.51833760325,17114.35321608596,stable_winner,1,1
crystal,crystal,3,rule3d,12,0.1,80,default_3d,1..4,2,2,"(0, 0, 0)",237155.58032347957,211712.33742407884,25443.24289940073,0.21082763671875,4,248141.80385133548,10986.22352785591,stable_winner,1,1
crystal,crystal,3,rule3d,12,0.1,80,large,1..6,2,2,"(0, 0, 0)",237155.58032347957,211712.33742407884,25443.24289940073,0.21082763671875,4,248141.80385133548,10986.22352785591,stable_winner,1,1
crystal,crystal,3,rule3d,12,0.1,80,small,1..3,1,2,"(0, 0, 0)",237155.58032347957,211712.33742407884,25443.24289940073,0.21082763671875,1,255878.61568143422,18723.03535795465,stable_winner,1,1
crystal,crystal,3,rule3d,13,0.1,80,default_3d,1..4,2,2,"(0, 0, 0)",238739.920971553,213296.67807215225,25443.24289940073,0.2115966796875,4,250201.00755651513,11461.086584962148,stable_winner,1,1
crystal,crystal,3,rule3d,13,0.1,80,large,1..6,2,2,"(0, 0, 0)",238739.920971553,213296.67807215225,25443.24289940073,0.2115966796875,4,250201.00755651513,11461.086584962148,stable_winner,1,1
crystal,crystal,3,rule3d,13,0.1,80,small,1..3,1,2,"(0, 0, 0)",238739.920971553,213296.67807215225,25443.24289940073,0.2115966796875,1,256242.76015960803,17502.839188055048,stable_winner,1,1
crystal,crystal,3,rule3d,14,0.1,80,default_3d,1..4,2,2,"(0, 0, 0)",240824.12634171674,215380.883442316,25443.24289940073,0.212176513671875,4,252149.19466604938,11325.06832433265,stable_winner,1,1
crystal,crystal,3,rule3d,14,0.1,80,large,1..6,2,2,"(0, 0, 0)",240824.12634171674,215380.883442316,25443.24289940073,0.212176513671875,4,252149.19466604938,11325.06832433265,stable_winner,1,1
crystal,crystal,3,rule3d,14,0.1,80,small,1..3,1,2,"(0, 0, 0)",240824.12634171674,215380.883442316,25443.24289940073,0.212176513671875,1,256505.4961699816,15681.36982826487,stable_winner,1,1
crystal,crystal,3,rule3d,15,0.1,80,default_3d,1..4,2,2,"(0, 0, 0)",239444.13475616495,214000.8918567642,25443.24289940073,0.2096466064453125,4,250882.4098831903,11438.27512702535,stable_winner,1,1
crystal,crystal,3,rule3d,15,0.1,80,large,1..6,2,2,"(0, 0, 0)",239444.13475616495,214000.8918567642,25443.24289940073,0.2096466064453125,4,250882.4098831903,11438.27512702535,stable_winner,1,1
crystal,crystal,3,rule3d,15,0.1,80,small,1..3,1,2,"(0, 0, 0)",239444.13475616495,214000.8918567642,25443.24289940073,0.2096466064453125,1,254949.25069346622,15505.115937301278,stable_winner,1,1
diamoeba3d,diamoeba3d,3,rule3d,11,0.5,80,default_3d,1..4,2,1,"(0, 2, -2)",296422.2969365446,281793.72155685315,14628.575379691443,0.2901458740234375,2,303713.68925870635,7291.392322161759,stable_winner,1,1
diamoeba3d,diamoeba3d,3,rule3d,11,0.5,80,large,1..6,2,1,"(0, 2, -2)",296422.2969365446,281793.72155685315,14628.575379691443,0.2901458740234375,2,303713.68925870635,7291.392322161759,stable_winner,1,1
diamoeba3d,diamoeba3d,3,rule3d,11,0.5,80,small,1..3,1,1,"(1, 1, -1)",296672.250510255,282043.67513056356,14628.575379691443,0.2901458740234375,2,303958.31072638574,7286.060216130747,stable_winner,1,1
diamoeba3d,diamoeba3d,3,rule3d,12,0.5,80,default_3d,1..4,2,1,"(1, 2, -2)",298347.0443108842,283718.46893119277,14628.575379691443,0.29520263671875,2,305972.5276023596,7625.483291475393,stable_winner,1,1
diamoeba3d,diamoeba3d,3,rule3d,12,0.5,80,large,1..6,2,1,"(1, 2, -2)",298347.0443108842,283718.46893119277,14628.575379691443,0.29520263671875,2,305972.5276023596,7625.483291475393,stable_winner,1,1
diamoeba3d,diamoeba3d,3,rule3d,12,0.5,80,small,1..3,1,1,"(-1, -1, 1)",298724.6709218649,284096.0955421735,14628.575379691443,0.29520263671875,2,306227.17353323946,7502.502611374541,stable_winner,1,1
diamoeba3d,diamoeba3d,3,rule3d,13,0.5,80,default_3d,1..4,2,1,"(2, 2, 1)",301678.8619567116,287050.2865770202,14628.575379691443,0.3031768798828125,2,308864.91587739944,7186.053920687817,stable_winner,1,1
diamoeba3d,diamoeba3d,3,rule3d,13,0.5,80,large,1..6,2,1,"(2, 2, 1)",301678.8619567116,287050.2865770202,14628.575379691443,0.3031768798828125,2,308864.91587739944,7186.053920687817,stable_winner,1,1
diamoeba3d,diamoeba3d,3,rule3d,13,0.5,80,small,1..3,1,1,"(1, -1, 1)",302046.59450644895,287418.0191267575,14628.575379691443,0.3031768798828125,2,309356.1177895408,7309.523283091839,stable_winner,1,1
diamoeba3d,diamoeba3d,3,rule3d,14,0.5,80,default_3d,1..4,2,1,"(1, 2, 2)",299372.172200742,284743.59682105057,14628.575379691443,0.2975006103515625,2,306941.7395428683,7569.567342126276,stable_winner,1,1
diamoeba3d,diamoeba3d,3,rule3d,14,0.5,80,large,1..6,2,1,"(1, 2, 2)",299372.172200742,284743.59682105057,14628.575379691443,0.2975006103515625,2,306941.7395428683,7569.567342126276,stable_winner,1,1
diamoeba3d,diamoeba3d,3,rule3d,14,0.5,80,small,1..3,1,1,"(1, -1, 1)",299706.1999986709,285077.62461897946,14628.575379691443,0.2975006103515625,2,307177.70561820787,7471.505619536969,stable_winner,1,1
diamoeba3d,diamoeba3d,3,rule3d,15,0.5,80,default_3d,1..4,2,1,"(0, 2, -1)",301008.7916675756,286380.21628788416,14628.575379691443,0.301483154296875,2,308347.6486882778,7338.857020702213,stable_winner,1,1
diamoeba3d,diamoeba3d,3,rule3d,15,0.5,80,large,1..6,2,1,"(0, 2, -1)",301008.7916675756,286380.21628788416,14628.575379691443,0.301483154296875,2,308347.6486882778,7338.857020702213,stable_winner,1,1
diamoeba3d,diamoeba3d,3,rule3d,15,0.5,80,small,1..3,1,1,"(-1, 0, 1)",301328.90222051635,286700.3268408249,14628.575379691443,0.301483154296875,2,308438.0157774252,7109.113556908851,stable_winner,1,1
