rule,rule_slug,dimension,family,seed,density,horizon,control_type,control_label,control_seed,observed_density,selected_period,selected_shift_str,selected_nml_bits,selected_nll_bits,selected_complexity,selected_defect_rate,runner_up_period,runner_up_nml_bits,margin_bits,status,period_tie_count,selected_shift_tie_count
ECA-110,eca_110,1,eca,11,0.5,800,bernoulli_iid,Bernoulli i.i.d.,314.0,0.5708658854166667,1,5,152195.48025623325,151207.12643358554,988.3538226477162,0.4291341145833333,2,152859.0347141546,663.5544579213602,stable_winner,1,1
ECA-110,eca_110,1,eca,11,0.5,800,original,Original,,0.5711067708333334,4,-2,102871.67900336492,99644.91790805547,3226.76109530943,0.2035546875,8,105227.64296090044,2355.9639575355104,stable_winner,1,1
ECA-110,eca_110,1,eca,11,0.5,800,space_shuffled,Space shuffled,213.0,0.5711067708333334,1,0,152160.9883807516,151172.6345581039,988.3538226477162,0.4288932291666666,2,152814.26922385002,653.2808430984151,stable_winner,1,1
ECA-110,eca_110,1,eca,11,0.5,800,time_shuffled,Time shuffled,112.0,0.5711067708333334,1,0,145009.47785272985,144021.12403008214,988.3538226477162,0.3752213541666667,2,145703.09442788755,693.6165751577064,stable_winner,1,1
ECA-30,eca_30,1,eca,11,0.5,800,bernoulli_iid,Bernoulli i.i.d.,314.0,0.500625,1,6,154422.9706890422,153434.6168663945,988.3538226477162,0.4851822916666666,2,155076.13471734567,653.1640283034649,stable_winner,1,1
ECA-30,eca_30,1,eca,11,0.5,800,original,Original,,0.5008138020833334,1,-5,154420.02111725268,153431.66729460497,988.3538226477162,0.4843294270833333,2,154794.27500194503,374.2538846923562,stable_winner,1,1
ECA-30,eca_30,1,eca,11,0.5,800,space_shuffled,Space shuffled,213.0,0.5008138020833334,1,5,154412.88040454488,153424.52658189717,988.3538226477162,0.48396484375,2,155073.40606343877,660.5256588938937,stable_winner,1,1
ECA-30,eca_30,1,eca,11,0.5,800,time_shuffled,Time shuffled,112.0,0.5008138020833334,1,-3,154446.5979844483,153458.2441618006,988.3538226477162,0.48521484375,2,155078.24530513538,631.6473206870724,stable_winner,1,1
ECA-54,eca_54,1,eca,11,0.5,800,bernoulli_iid,Bernoulli i.i.d.,314.0,0.4835677083333333,1,5,154303.2674904341,153314.9136677864,988.3538226477162,0.4789973958333333,2,154967.20826189045,663.9407714563422,stable_winner,1,1
ECA-54,eca_54,1,eca,11,0.5,800,original,Original,,0.4835546875,4,0,122447.63868505182,119220.8775897424,3226.76109530943,0.2953645833333333,8,124766.3326246151,2318.69393956328,stable_winner,1,1
ECA-54,eca_54,1,eca,11,0.5,800,space_shuffled,Space shuffled,213.0,0.4835546875,1,-2,154332.11912710563,153343.76530445792,988.3538226477162,0.4801822916666666,2,154956.33932308748,624.2201959818485,stable_winner,1,1
ECA-54,eca_54,1,eca,11,0.5,800,time_shuffled,Time shuffled,112.0,0.4835546875,1,6,154315.39464898832,153327.0408263406,988.3538226477162,0.480625,2,154923.6935604229,608.2989114345692,stable_winner,1,1
Diamoeba,diamoeba,2,life_rulestring,11,0.5,800,bernoulli_iid,Bernoulli i.i.d.,314.0,0.9615777587890624,1,"(-1, -2)",788098.9445132818,767014.0629634638,21084.881549817947,0.0384222412109375,2,801954.8559940541,13855.911480772307,stable_winner,1,1
Diamoeba,diamoeba,2,life_rulestring,11,0.5,800,original,Original,,0.9614620971679688,1,"(0, 0)",671271.1620333719,650186.2804835539,21084.881549817947,0.0385379028320312,2,684798.6482964016,13527.486263029745,stable_winner,1,1
Diamoeba,diamoeba,2,life_rulestring,11,0.5,800,space_shuffled,Space shuffled,213.0,0.9614620971679688,1,"(-2, 2)",790816.9807511963,769732.0992013783,21084.881549817947,0.0385379028320312,2,805715.3162221492,14898.335470952909,stable_winner,1,1
Diamoeba,diamoeba,2,life_rulestring,11,0.5,800,time_shuffled,Time shuffled,112.0,0.9614620971679688,1,"(0, 0)",671271.1620333719,650186.2804835539,21084.881549817947,0.0385379028320312,2,686744.2369597447,15473.07492637285,stable_winner,1,1
Maze with Mice,maze_with_mice,2,life_rulestring,11,0.5,800,bernoulli_iid,Bernoulli i.i.d.,314.0,0.5234628295898438,1,"(-2, 2)",3289618.543479573,3268533.661929755,21084.881549817947,0.4749227905273437,2,3303593.864273333,13975.32079376001,stable_winner,1,1
Maze with Mice,maze_with_mice,2,life_rulestring,11,0.5,800,original,Original,,0.5234820556640625,2,"(0, 0)",129782.40285965582,91708.63976001993,38073.76309963589,0.00623291015625,4,157288.79811126716,27506.395251611335,stable_winner,1,1
Maze with Mice,maze_with_mice,2,life_rulestring,11,0.5,800,space_shuffled,Space shuffled,213.0,0.5234820556640625,1,"(0, 1)",3289595.1719890884,3268510.2904392704,21084.881549817947,0.4748712158203125,2,3303572.8214786295,13977.649489541072,stable_winner,1,1
Maze with Mice,maze_with_mice,2,life_rulestring,11,0.5,800,time_shuffled,Time shuffled,112.0,0.5234820556640625,1,"(0, 0)",157388.84235975266,136303.9608099347,21084.881549817947,0.0120892333984375,2,172785.37848400627,15396.536124253616,stable_winner,1,1
S11/B37,s11_b37,2,life_range,11,0.5,800,bernoulli_iid,Bernoulli i.i.d.,314.0,0.4992138671875,1,"(0, 0)",3294834.8922148184,3273750.0106650004,21084.881549817947,0.4857049560546875,2,3308802.1771053607,13967.284890542272,stable_winner,1,1
S11/B37,s11_b37,2,life_range,11,0.5,800,original,Original,,0.4993121337890625,4,"(0, 0)",152036.26819762908,83198.69816436122,68837.57003326784,0.00538818359375,2,170837.20464167572,18800.936444046645,stable_winner,1,1
S11/B37,s11_b37,2,life_range,11,0.5,800,space_shuffled,Space shuffled,213.0,0.4993121337890625,1,"(1, 2)",3294845.706053336,3273760.824503518,21084.881549817947,0.4857037353515625,2,3308646.8781681806,13801.172114844434,stable_winner,1,1
S11/B37,s11_b37,2,life_range,11,0.5,800,time_shuffled,Time shuffled,112.0,0.4993121337890625,1,"(-2, -2)",3294981.1078960164,3273896.2263461985,21084.881549817947,0.4859722900390625,2,3309362.877860381,14381.769964364355,stable_winner,1,1
S24/B11,s24_b11,2,life_range,11,0.5,800,bernoulli_iid,Bernoulli i.i.d.,314.0,0.4344747924804688,1,"(0, 0)",3254138.9268547273,3233054.0453049093,21084.881549817947,0.4344741821289062,2,3268062.9796169964,13924.052762269042,stable_winner,1,1
S24/B11,s24_b11,2,life_range,11,0.5,800,original,Original,,0.4344525146484375,2,"(0, 0)",136574.64066553971,98500.87756590384,38073.76309963589,0.00732421875,1,149828.1906219422,13253.54995640248,stable_winner,1,1
S24/B11,s24_b11,2,life_range,11,0.5,800,space_shuffled,Space shuffled,213.0,0.4344525146484375,1,"(0, -1)",3254115.5692442344,3233030.6876944164,21084.881549817947,0.4344512939453125,2,3268009.833399309,13894.264155074488,stable_winner,1,1
S24/B11,s24_b11,2,life_range,11,0.5,800,time_shuffled,Time shuffled,112.0,0.4344525146484375,1,"(0, 0)",149828.1906219422,128743.30907212423,21084.881549817947,0.0117864990234375,2,165125.76509848598,15297.574476543785,stable_winner,1,1
S37/B11,s37_b11,2,life_range,11,0.5,800,bernoulli_iid,Bernoulli i.i.d.,314.0,0.5030047607421875,1,"(0, 0)",3294759.3835328133,3273674.5019829953,21084.881549817947,0.485440673828125,2,3308725.344087811,13965.960554997902,stable_winner,1,1
S37/B11,s37_b11,2,life_range,11,0.5,800,original,Original,,0.5030426025390625,2,"(0, 0)",193091.14453300895,155017.38143337306,38073.76309963589,0.0128851318359375,4,212647.76332631573,19556.618793306785,stable_winner,1,1
S37/B11,s37_b11,2,life_range,11,0.5,800,space_shuffled,Space shuffled,213.0,0.5030426025390625,1,"(1, -2)",3294692.495074226,3273607.613524408,21084.881549817947,0.485418701171875,2,3308653.2347033075,13960.73962908145,stable_winner,1,1
S37/B11,s37_b11,2,life_range,11,0.5,800,time_shuffled,Time shuffled,112.0,0.5030426025390625,1,"(0, 0)",242334.56298426632,221249.68143444837,21084.881549817947,0.0225347900390625,2,258298.11106538068,15963.548081114364,stable_winner,1,1
3d-life,3d_life,3,rule3d,11,0.2,80,bernoulli_iid,Bernoulli i.i.d.,314.0,0.050933837890625,1,"(-1, 2, -2)",106483.61542443204,91855.04004474058,14628.575379691443,0.050933837890625,2,113625.81925466753,7142.203830235478,stable_winner,1,1
3d-life,3d_life,3,rule3d,11,0.2,80,original,Original,,0.051092529296875,1,"(0, 0, 0)",101253.64897059044,86625.073590899,14628.575379691443,0.051092529296875,2,109934.60249144504,8680.953520854615,stable_winner,1,1
3d-life,3d_life,3,rule3d,11,0.2,80,space_shuffled,Space shuffled,213.0,0.051092529296875,1,"(-1, -2, 1)",106909.58094656888,92281.00556687744,14628.575379691443,0.051092529296875,2,114300.44728853232,7390.866341963469,stable_winner,1,1
3d-life,3d_life,3,rule3d,11,0.2,80,time_shuffled,Time shuffled,112.0,0.051092529296875,1,"(0, 0, 0)",101253.64897059044,86625.073590899,14628.575379691443,0.051092529296875,2,109351.89195115976,8098.242980569325,stable_winner,1,1
clouds,clouds,3,rule3d,11,0.6,80,bernoulli_iid,Bernoulli i.i.d.,314.0,0.695977783203125,1,"(-1, 0, 1)",301891.32454514777,287262.74916545633,14628.575379691443,0.304022216796875,2,309522.88677817996,7631.562233032193,stable_winner,1,1
clouds,clouds,3,rule3d,11,0.6,80,original,Original,,0.696923828125,1,"(0, 0, 0)",24424.1575550611,9795.582175369656,14628.575379691443,0.00447998046875,2,34623.7435467922,10199.585991731095,stable_winner,1,1
clouds,clouds,3,rule3d,11,0.6,80,space_shuffled,Space shuffled,213.0,0.696923828125,1,"(0, 2, 2)",301514.32126703684,286885.7458873454,14628.575379691443,0.303076171875,2,309221.9138555417,7707.592588504835,stable_winner,1,1
clouds,clouds,3,rule3d,11,0.6,80,time_shuffled,Time shuffled,112.0,0.696923828125,1,"(0, 0, 0)",24424.1575550611,9795.582175369656,14628.575379691443,0.00447998046875,2,34328.868331725855,9904.710776664751,stable_winner,1,1
crystal,crystal,3,rule3d,11,0.1,80,bernoulli_iid,Bernoulli i.i.d.,314.0,0.2090728759765625,1,"(2, -2, 2)",253862.4545389887,239233.87915929727,14628.575379691443,0.2090728759765625,2,261540.94487608815,7678.490337099443,stable_winner,1,1
crystal,crystal,3,rule3d,11,0.1,80,original,Original,,0.2096435546875,2,"(0, 0, 0)",237730.1651215173,212286.92222211655,25443.24289940073,0.2093994140625,4,248874.0986064358,11143.933484918523,stable_winner,1,1
crystal,crystal,3,rule3d,11,0.1,80,space_shuffled,Space shuffled,213.0,0.2096435546875,2,"(-1, -1, -1)",238782.97655031751,213339.7336509168,25443.24289940073,0.20906982421875,4,249959.8110121328,11176.834461815306,stable_winner,1,1
crystal,crystal,3,rule3d,11,0.1,80,time_shuffled,Time shuffled,112.0,0.2096435546875,1,"(1, -2, 1)",254582.53363760753,239953.9582579161,14628.575379691443,0.2096435546875,2,262605.9950028793,8023.461365271767,stable_winner,1,1
diamoeba3d,diamoeba3d,3,rule3d,11,0.5,80,bernoulli_iid,Bernoulli i.i.d.,314.0,0.289813232421875,1,"(2, -2, 2)",296075.9303136204,281447.354933929,14628.575379691443,0.289813232421875,2,303739.05342978804,7663.123116167611,stable_winner,1,1
diamoeba3d,diamoeba3d,3,rule3d,11,0.5,80,original,Original,,0.2901458740234375,1,"(0, 2, -2)",296422.2969365446,281793.72155685315,14628.575379691443,0.2901458740234375,2,303713.68925870635,7291.392322161759,stable_winner,1,1
diamoeba3d,diamoeba3d,3,rule3d,11,0.5,80,space_shuffled,Space shuffled,213.0,0.2901458740234375,1,"(-1, 2, 0)",296295.57909137936,281667.0037116879,14628.575379691443,0.2901458740234375,2,303920.58771615784,7625.008624778478,stable_winner,1,1
diamoeba3d,diamoeba3d,3,rule3d,11,0.5,80,time_shuffled,Time shuffled,112.0,0.2901458740234375,1,"(2, 0, -1)",296287.7438058882,281659.1684261968,14628.575379691443,0.2901458740234375,2,304143.4533359403,7855.709530052089,stable_winner,1,1
