rule,T,period,best_shift,nml_bits,nll_bits,nml_complexity,defect_rate,n_shifts_scanned,period_rank,is_selected_period
Diamoeba,50,1,"(0, 0)",108194.26417905402,94863.98750728025,13330.276671773767,0.1393408203125,25,1,True
Diamoeba,50,2,"(0, 0)",111880.9351762535,88962.73994162572,22918.19523462777,0.1362109375,25,2,False
Diamoeba,50,3,"(0, 0)",123019.96940457227,91837.97314424452,31181.99626032775,0.13833984375,25,3,False
Diamoeba,50,4,"(0, 0)",125484.84662695459,86865.85175076398,38618.994876190605,0.135546875,25,4,False
Diamoeba,50,5,"(0, 0)",133914.68992129673,88440.96497349965,45473.72494779709,0.1378369140625,25,5,False
Diamoeba,50,6,"(0, 0)",136076.56912293675,84237.26429455353,51839.30482838323,0.134794921875,25,6,False
Diamoeba,50,7,"(0, 0)",142776.2676158904,84920.53442156804,57855.73319432235,0.1350439453125,25,7,False
Diamoeba,50,8,"(0, 0)",145027.63723344688,81493.7340025538,63533.90323089309,0.1341552734375,25,8,False
Diamoeba,100,1,"(0, 0)",199713.5568692314,184461.87861290126,15251.678256330135,0.13858642578125,25,1,True
Diamoeba,100,2,"(0, 0)",206036.88255266915,179376.3292091216,26660.553343547534,0.13725341796875,25,2,False
Diamoeba,100,3,"(0, 0)",218857.71448407212,182172.86347247718,36684.85101159493,0.13830810546875,25,3,False
Diamoeba,100,4,"(0, 0)",223550.66354129472,177714.27307203918,45836.39046925554,0.13689697265625,25,4,False
Diamoeba,100,5,"(0, 0)",233867.3334259756,179515.8309808338,54351.50244514181,0.13810302734375,25,5,False
Diamoeba,100,6,"(0, 0)",237994.503391516,175630.51087086048,62363.9925206555,0.136630859375,25,6,False
Diamoeba,100,7,"(0, 0)",246707.67489268538,176733.46900054713,69974.20589213823,0.1376318359375,25,7,False
Diamoeba,100,8,"(0, 0)",250599.4621722742,173361.47241989296,77237.98975238121,0.13635498046875,25,8,False
Diamoeba,200,1,"(0, 0)",384454.3501307019,367244.95762238494,17209.39250831696,0.148045654296875,25,1,True
Diamoeba,200,2,"(0, 0)",394031.50787651894,363528.15136385866,30503.35651266027,0.147708740234375,25,2,False
Diamoeba,200,3,"(0, 0)",407926.7774594667,365559.4059737125,42367.371485754236,0.14793701171875,25,3,False
Diamoeba,200,4,"(0, 0)",415613.7300105764,362292.6233234813,53321.10668709507,0.147672119140625,25,4,False
Diamoeba,200,5,"(0, 0)",427185.15602068393,363577.0487721821,63608.10724850183,0.147835693359375,25,5,False
Diamoeba,200,6,"(0, 0)",434162.7553896646,360793.05336647475,73369.70202318986,0.147489013671875,25,6,False
Diamoeba,200,7,"(0, 0)",444296.3932900914,361594.9792184214,82701.41407167003,0.147596435546875,25,7,False
Diamoeba,200,8,"(0, 0)",450733.0985936635,359060.3176551524,91672.78093851107,0.147176513671875,25,8,False
Diamoeba,400,1,"(0, 0)",532458.2543900737,514755.6369134151,17702.617476658637,0.0770758056640625,25,1,True
Diamoeba,400,2,"(0, 0)",545641.978250039,511223.1932334052,34418.78501663392,0.0770758056640625,25,2,False
Diamoeba,400,3,"(0, 0)",561299.8468441967,513118.5340747471,48181.31276944952,0.0770758056640625,25,3,False
Diamoeba,400,4,"(0, 0)",571034.8525193962,510028.13949407573,61006.71302532054,0.0770758056640625,25,4,False
Diamoeba,400,5,"(0, 0)",584351.9082138431,511209.03131538595,73142.87689845721,0.0770758056640625,25,5,False
Diamoeba,400,6,"(0, 0)",593299.3910301223,508564.6480586139,84734.74297150847,0.0770758056640625,25,6,False
Diamoeba,400,7,"(0, 0)",605134.0725097491,509255.3614248183,95878.71108493087,0.0770758056640625,25,7,False
Diamoeba,400,8,"(0, 0)",613565.4373346168,506923.22396042664,106642.21337419013,0.0770758056640625,25,8,False
Diamoeba,600,1,"(0, 0)",613712.3411926844,594811.7205145488,18900.620678135565,0.05138387044270833,25,1,True
Diamoeba,600,2,"(0, 0)",625032.99012626,591327.7487699889,33705.24135627113,0.05138387044270833,25,2,False
Diamoeba,600,3,"(0, 0)",644810.4595170629,593182.281992112,51628.17752495088,0.05138387044270833,25,3,False
Diamoeba,600,4,"(0, 0)",655716.1618100347,590143.4052016091,65572.75660842558,0.05138387044270833,25,4,False
Diamoeba,600,5,"(0, 0)",670114.9389326471,591297.0362118178,78817.90272082933,0.05138387044270833,25,5,False
Diamoeba,600,6,"(0, 0)",680179.9273161929,588669.857778212,91510.0695379808,0.05138387044270833,25,6,False
Diamoeba,600,7,"(0, 0)",693115.9723253597,589370.587557632,103745.38476772772,0.05138387044270833,25,7,False
Diamoeba,600,8,"(0, 0)",702664.898997245,587071.9919714963,115592.90702574878,0.05138387044270833,25,8,False
Diamoeba,800,1,"(0, 0)",669936.8979602125,650186.2804835539,19750.617476658637,0.03853790283203125,25,1,True
Diamoeba,800,2,"(0, 0)",682130.120150083,646724.8851967657,35405.234953317275,0.03853790283203125,25,2,False
Diamoeba,800,3,"(0, 0)",698080.6498429587,648566.82087886,49513.82896409866,0.03853790283203125,25,3,False
Diamoeba,800,4,"(0, 0)",714383.120898291,645545.5508650232,68837.57003326784,0.03853790283203125,25,4,False
Diamoeba,800,5,"(0, 0)",729565.8852457078,646686.5077173386,82879.37752836921,0.03853790283203125,25,5,False
Diamoeba,800,6,"(0, 0)",740455.3398761675,644092.7143372684,96362.62553889904,0.03853790283203125,25,6,False
Diamoeba,800,7,"(0, 0)",754146.5869626012,644762.2118110481,109384.3751515531,0.03853790283203125,25,7,False
Diamoeba,800,8,"(0, 0)",764503.2136479942,642489.7875973531,122013.42605064108,0.03853790283203125,25,8,False
ECA-110,50,1,0,9687.607200004122,9062.750481014727,624.8567189893953,0.3933333333333333,13,1,True
ECA-110,50,7,0,9949.522465424321,7237.534971940462,2711.98749348386,0.27166666666666667,13,2,False
ECA-110,50,2,0,10077.077167502326,9002.78676587915,1074.2904016231766,0.3848958333333333,13,3,False
ECA-110,50,3,2,10181.604449345641,8719.948374642778,1461.6560747028632,0.3571875,13,4,False
ECA-110,50,4,-2,10204.098297340717,8393.832912519283,1810.2653848214345,0.33916666666666667,13,5,False
ECA-110,50,5,2,10598.993732864883,8467.412875936894,2131.580856927989,0.346875,13,6,False
ECA-110,50,10,2,10663.789472827057,7185.4494455878685,3478.3400272391877,0.27375,13,7,False
ECA-110,50,6,4,10832.663481746184,8402.69606791572,2429.967413830464,0.3408333333333333,13,8,False
ECA-110,50,8,-4,10896.348388643837,7918.196674695723,2978.151713948114,0.31833333333333336,13,9,False
ECA-110,50,9,-1,11034.342409077726,7803.302059964999,3231.0403491127267,0.3094791666666667,13,10,False
ECA-110,100,7,0,18694.108564742786,15414.067663548807,3280.0409011939796,0.29604166666666665,13,1,True
ECA-110,100,1,0,18977.790105968754,18262.867687703278,714.922418265475,0.3971354166666667,13,2,False
ECA-110,100,4,-2,19368.97371156088,17220.392908314527,2148.5808032463533,0.3474479166666667,13,3,False
ECA-110,100,2,0,19463.357861400604,18213.644423421814,1249.7134379787906,0.39265625,13,4,False
ECA-110,100,3,2,19591.34957689081,17871.7471857223,1719.6023911685124,0.37776041666666665,13,5,False
ECA-110,100,5,1,20405.689608693207,17857.962931577185,2547.726677116022,0.38390625,13,6,False
ECA-110,100,8,-4,20476.89307963302,16856.362309990152,3620.530769642869,0.33786458333333336,13,7,False
ECA-110,100,10,2,20522.826991831615,16259.665277975637,4263.161713855978,0.32328125,13,8,False
ECA-110,100,6,4,20554.17519106858,17630.863041662855,2923.3121494057264,0.3669791666666667,13,9,False
ECA-110,100,9,-1,21061.65927456047,17113.78968783773,3947.8695867227384,0.35,13,10,False
ECA-110,200,4,-2,34686.037078064466,32186.610202106887,2499.426875957581,0.30466145833333336,13,1,True
ECA-110,200,8,-4,36219.0407839703,31921.87917747759,4297.161606492707,0.3018489583333333,13,2,False
ECA-110,200,7,0,36322.19924643496,32445.570461825424,3876.6287846095333,0.3114322916666667,13,3,False
ECA-110,200,2,-1,37292.24951613969,35862.404679608735,1429.84483653095,0.391328125,13,4,False
ECA-110,200,3,2,37408.30882841691,35422.338290022184,1985.97053839473,0.3656510416666667,13,5,False
ECA-110,200,1,0,37421.88118164456,36615.1909078172,806.6902738273575,0.3985677083333333,13,6,False
ECA-110,200,5,-6,38644.09193216705,35662.46190489353,2981.6300272735234,0.36888020833333335,13,7,False
ECA-110,200,6,4,38693.677308627,35254.472526289974,3439.204782337025,0.36255208333333333,13,8,False
ECA-110,200,10,2,38921.812275061755,33826.35892082971,5095.453354232044,0.33731770833333335,13,9,False
ECA-110,200,9,6,39706.8834328031,35004.26225827189,4702.6211745312075,0.3595833333333333,13,10,False
ECA-110,400,4,-2,60281.27498815458,57421.585315092685,2859.6896730619,0.25549479166666667,13,1,True
ECA-110,400,8,-4,62223.55328375349,57224.69953183833,4998.853751915162,0.25513020833333333,13,2,False
ECA-110,400,7,0,67463.92804931138,62969.61346720524,4494.314582106134,0.29739583333333336,13,3,False
ECA-110,400,2,-1,70128.53407401936,68515.15352636465,1613.380547654715,0.36299479166666665,13,4,False
ECA-110,400,6,-3,71506.11147407725,67534.17039728779,3971.94107678946,0.35455729166666666,13,5,False
ECA-110,400,5,-6,73256.53879262855,69827.96643801336,3428.572354615182,0.3505729166666667,13,6,False
ECA-110,400,10,2,73367.46071101533,67404.20065646828,5963.260054547047,0.3360677083333333,13,7,False
ECA-110,400,1,0,73387.25634595277,72557.4461517344,829.8101942183737,0.38752604166666665,13,8,False
ECA-110,400,3,2,73533.22971649197,71274.73068042402,2258.4990360679462,0.3741276041666667,13,9,False
ECA-110,400,9,-1,76338.73758011872,70850.91787711752,5487.819703001192,0.3697786458333333,13,10,False
ECA-110,600,4,-2,86536.5602319425,83462.83726592254,3073.722966019949,0.23618055555555556,13,1,True
ECA-110,600,8,-4,88734.91957134256,83316.50205451058,5418.417516831974,0.23616319444444445,13,2,False
ECA-110,600,7,0,99729.202827708,94866.13791672076,4863.064910987237,0.3059982638888889,13,3,False
ECA-110,600,2,-1,103017.69414678056,101437.76095820536,1579.9331885752092,0.3412326388888889,13,4,False
ECA-110,600,3,2,103727.70660275868,101307.63578127661,2420.0708214820725,0.3395486111111111,13,5,False
ECA-110,600,5,-6,103971.39963399223,100276.81044395335,3694.5891900388747,0.32623263888888887,13,6,False
ECA-110,600,6,-3,104890.71161608929,100601.17710649644,4289.534509592851,0.3362673611111111,13,7,False
ECA-110,600,10,2,104909.37779433341,98425.8878579163,6483.48993641712,0.3270486111111111,13,8,False
ECA-110,600,9,6,106998.19582694999,101040.2842117658,5957.91161518419,0.33861979166666667,13,9,False
ECA-110,600,1,0,109299.48464815723,108413.51805386963,885.9665942876046,0.3803125,13,10,False
ECA-110,800,4,-2,102871.67900336492,99644.91790805549,3226.76109530943,0.2035546875,13,1,True
ECA-110,800,8,-4,105227.64296090043,99508.26361477663,5719.3793461238,0.20352864583333333,13,2,False
ECA-110,800,7,0,127102.09595614158,121974.70337091252,5127.392585229051,0.2925846354166667,13,3,False
ECA-110,800,2,-1,131977.8811942991,130318.26080586234,1659.6203884367474,0.32721354166666666,13,4,False
ECA-110,800,10,2,133370.4233812618,126513.27867203142,6857.144709230364,0.3051953125,13,5,False
ECA-110,800,5,-6,133999.3836889612,130114.4128673189,3884.9708216423064,0.31567708333333333,13,6,False
ECA-110,800,6,-3,134172.80505332787,129655.80698119197,4516.9980721358925,0.32407552083333335,13,7,False
ECA-110,800,3,2,135996.34794044285,133675.38720775073,2320.9607326921246,0.3396809895833333,13,8,False
ECA-110,800,9,6,139720.15154477675,133424.81691812046,6295.334626656275,0.3383333333333333,13,9,False
ECA-110,800,1,0,144946.93422430052,144021.12403008214,925.8101942183737,0.3752213541666667,13,10,False
ECA-30,50,2,2,9989.80462685572,8915.514225232542,1074.2904016231766,0.3778125,13,1,True
ECA-30,50,1,-5,10060.45662781546,9435.599908826065,624.8567189893953,0.4375,13,2,False
ECA-30,50,4,4,10489.479876109155,8679.214491287721,1810.2653848214345,0.3578125,13,3,False
ECA-30,50,3,-6,10598.560460124358,9136.904385421494,1461.6560747028632,0.3961458333333333,13,4,False
ECA-30,50,6,6,10891.532223031418,8461.564809200954,2429.967413830464,0.3465625,13,5,False
ECA-30,50,5,-1,10925.468267294076,8793.887410366087,2131.580856927989,0.369375,13,6,False
ECA-30,50,7,3,11162.420872334023,8450.433378850164,2711.98749348386,0.34208333333333335,13,7,False
ECA-30,50,8,6,11223.33818175441,8245.186467806296,2978.151713948114,0.336875,13,8,False
ECA-30,50,9,-3,11299.322349374663,8068.2820002619355,3231.0403491127267,0.32395833333333335,13,9,False
ECA-30,50,10,-6,11379.209775711148,7900.8697484719605,3478.3400272391877,0.30927083333333333,13,10,False
ECA-30,100,1,-3,19752.81606432261,19037.893646057135,714.922418265475,0.45630208333333333,13,1,True
ECA-30,100,2,2,19862.078898070256,18612.365460091467,1249.7134379787906,0.41973958333333333,13,2,False
ECA-30,100,3,0,20428.560378491304,18708.957987322792,1719.6023911685124,0.42494791666666665,13,3,False
ECA-30,100,4,4,20548.971907878604,18400.39110463225,2148.5808032463533,0.40453125,13,4,False
ECA-30,100,5,-4,20939.602514285085,18391.875837169064,2547.726677116022,0.40682291666666665,13,5,False
ECA-30,100,6,6,21113.525720441285,18190.213571035558,2923.3121494057264,0.39458333333333334,13,6,False
ECA-30,100,7,3,21405.853582876545,18125.812681682564,3280.0409011939796,0.390625,13,7,False
ECA-30,100,8,6,21513.42798849808,17892.89721885521,3620.530769642869,0.38088541666666664,13,8,False
ECA-30,100,9,0,21742.538592210443,17794.669005487704,3947.8695867227384,0.3740625,13,9,False
ECA-30,100,10,-6,21922.647510541854,17659.485796685876,4263.161713855978,0.37505208333333334,13,10,False
ECA-30,200,1,4,39043.02920117992,38236.33892735256,806.6902738273575,0.46846354166666665,13,1,True
ECA-30,200,2,2,39196.50224891092,37766.657412379966,1429.84483653095,0.44388020833333336,13,2,False
ECA-30,200,3,-3,39908.43489224829,37922.46435385356,1985.97053839473,0.44875,13,3,False
ECA-30,200,4,4,40029.402664798734,37529.975788841155,2499.426875957581,0.43278645833333335,13,4,False
ECA-30,200,5,-4,40587.54678120093,37605.916753927406,2981.6300272735234,0.434140625,13,5,False
ECA-30,200,6,6,40806.91490196213,37367.71011962511,3439.204782337025,0.42434895833333336,13,6,False
ECA-30,200,7,-2,41195.54142592311,37318.912641313575,3876.6287846095333,0.421953125,13,7,False
ECA-30,200,8,6,41447.53102245398,37150.36941596127,4297.161606492707,0.41515625,13,8,False
ECA-30,200,9,-1,41757.194595512614,37054.5734209814,4702.6211745312075,0.413671875,13,9,False
ECA-30,200,10,-2,42048.02396035312,36952.57060612108,5095.453354232044,0.411328125,13,10,False
ECA-30,400,1,6,77463.17678623542,76633.36659201705,829.8101942183737,0.4775520833333333,13,1,True
ECA-30,400,2,2,77771.89614532159,76158.51559766688,1613.380547654715,0.4562760416666667,13,2,False
ECA-30,400,3,4,78588.2792486476,76329.78021257964,2258.4990360679462,0.4640234375,13,3,False
ECA-30,400,4,4,78791.14432297398,75931.45464991208,2859.6896730619,0.450625,13,4,False
ECA-30,400,5,-4,79411.58148406116,75983.00912944597,3428.572354615182,0.45229166666666665,13,5,False
ECA-30,400,6,6,79725.75282096637,75753.81174417691,3971.94107678946,0.44453125,13,6,False
ECA-30,400,7,1,80260.94653724073,75766.6319551346,4494.314582106134,0.4456380208333333,13,7,False
ECA-30,400,8,-6,80580.29098860605,75581.4372366909,4998.853751915162,0.441484375,13,8,False
ECA-30,400,9,6,80885.63492546974,75397.81522246855,5487.819703001192,0.436796875,13,9,False
ECA-30,400,10,6,81268.78860989706,75305.52855535001,5963.260054547047,0.43505208333333334,13,10,False
ECA-30,600,1,-5,115921.78613756347,115035.81954327587,885.9665942876046,0.48239583333333336,13,1,True
ECA-30,600,2,2,116168.35813212214,114588.42494354694,1579.9331885752092,0.46520833333333333,13,2,False
ECA-30,600,3,2,117166.67209539039,114746.60127390831,2420.0708214820725,0.4702951388888889,13,3,False
ECA-30,600,4,4,117438.05678757174,114364.33382155179,3073.722966019949,0.4595486111111111,13,4,False
ECA-30,600,5,1,118105.29271213649,114410.70352209761,3694.5891900388747,0.46119791666666665,13,5,False
ECA-30,600,6,6,118490.17933719368,114200.64482760083,4289.534509592851,0.45553819444444443,13,6,False
ECA-30,600,7,0,118995.7450948301,114132.68018384287,4863.064910987237,0.4549479166666667,13,7,False
ECA-30,600,8,2,119418.52833621166,114000.11081937968,5418.417516831974,0.45207465277777775,13,8,False
ECA-30,600,9,6,119793.68066328665,113835.76904810246,5957.91161518419,0.4485677083333333,13,9,False
ECA-30,600,10,6,120188.01551604745,113704.52557963034,6483.48993641712,0.4465972222222222,13,10,False
ECA-30,800,1,-5,154357.47748882335,153431.66729460497,925.8101942183737,0.4843294270833333,13,1,True
ECA-30,800,2,2,154669.18774508635,153009.5673566496,1659.6203884367474,0.47021484375,13,2,False
ECA-30,800,3,-6,155452.17585358236,153131.21512089024,2320.9607326921246,0.4737825520833333,13,3,False
ECA-30,800,4,4,156016.12943976134,152789.3683444519,3226.76109530943,0.4652278645833333,13,4,False
ECA-30,800,5,1,156717.71697699395,152832.74615535163,3884.9708216423064,0.46753255208333333,13,5,False
ECA-30,800,6,6,157142.11383455165,152625.11576241575,4516.9980721358925,0.4620442708333333,13,6,False
ECA-30,800,7,0,157680.70047761317,152553.30789238412,5127.392585229051,0.46079427083333335,13,7,False
ECA-30,800,8,-6,158126.78928074235,152407.40993461854,5719.3793461238,0.45880859375,13,8,False
ECA-30,800,9,6,158522.700078106,152227.3654514497,6295.334626656275,0.45530598958333335,13,9,False
ECA-30,800,10,-1,158992.77468853092,152135.62997930055,6857.144709230364,0.45406901041666664,13,10,False
ECA-54,50,4,0,7797.52989263868,5987.264507817246,1810.2653848214345,0.21177083333333332,13,1,True
ECA-54,50,8,0,8478.795486437986,5500.6437724898715,2978.151713948114,0.20125,13,2,False
ECA-54,50,2,0,8946.229938129034,7871.939536505857,1074.2904016231766,0.2966666666666667,13,3,False
ECA-54,50,6,2,9099.51214299089,6669.544729160426,2429.967413830464,0.2526041666666667,13,4,False
ECA-54,50,3,1,9145.333477860433,7683.67740315757,1461.6560747028632,0.3069791666666667,13,5,False
ECA-54,50,10,2,9314.557095285176,5836.2170680459885,3478.3400272391877,0.2184375,13,6,False
ECA-54,50,5,-1,9603.145378813375,7471.564521885386,2131.580856927989,0.2884375,13,7,False
ECA-54,50,1,-1,9620.067364016666,8995.210645027271,624.8567189893953,0.3780208333333333,13,8,False
ECA-54,50,7,-1,9738.480438384639,7026.49294490078,2711.98749348386,0.27208333333333334,13,9,False
ECA-54,50,9,-1,9958.31541454151,6727.275065428783,3231.0403491127267,0.26427083333333334,13,10,False
ECA-54,100,4,0,13804.55518099388,11655.974377747527,2148.5808032463533,0.20104166666666667,13,1,True
ECA-54,100,8,0,14877.110894334706,11256.580124691838,3620.530769642869,0.19916666666666666,13,2,False
ECA-54,100,2,0,16451.181164644306,15201.467726665516,1249.7134379787906,0.2866666666666667,13,3,False
ECA-54,100,6,2,17478.54830356291,14555.236154157186,2923.3121494057264,0.2736458333333333,13,4,False
ECA-54,100,10,2,17528.61671318273,13265.454999326754,4263.161713855978,0.24708333333333332,13,5,False
ECA-54,100,3,1,18162.89376704789,16443.29137587938,1719.6023911685124,0.33770833333333333,13,6,False
ECA-54,100,7,-1,18267.29083062331,14987.24992942933,3280.0409011939796,0.2980729166666667,13,7,False
ECA-54,100,5,1,18600.707706759935,16052.981029643914,2547.726677116022,0.31572916666666667,13,8,False
ECA-54,100,9,1,18769.789438908865,14821.919852186125,3947.8695867227384,0.28833333333333333,13,9,False
ECA-54,100,1,1,19228.295426746106,18513.37300848063,714.922418265475,0.41604166666666664,13,10,False
ECA-54,200,4,0,28606.568844139572,26107.14196818199,2499.426875957581,0.22395833333333334,13,1,True
ECA-54,200,8,0,30124.422296357956,25827.26068986525,4297.161606492707,0.222890625,13,2,False
ECA-54,200,2,0,32495.96314542787,31066.118308896923,1429.84483653095,0.2782291666666667,13,3,False
ECA-54,200,6,0,34263.918453316866,30824.713670979843,3439.204782337025,0.2775,13,4,False
ECA-54,200,10,0,35735.17836066459,30639.72500643255,5095.453354232044,0.2769270833333333,13,5,False
ECA-54,200,7,1,36383.572322490414,32506.943537880878,3876.6287846095333,0.33005208333333336,13,6,False
ECA-54,200,9,-1,37132.787458872175,32430.16628434097,4702.6211745312075,0.3173697916666667,13,7,False
ECA-54,200,5,-1,37438.15451390156,34456.52448662803,2981.6300272735234,0.34901041666666666,13,8,False
ECA-54,200,3,1,37646.84015656909,35660.86961817436,1985.97053839473,0.3809635416666667,13,9,False
ECA-54,200,1,-1,38345.21055776924,37538.520283941885,806.6902738273575,0.4284375,13,10,False
ECA-54,400,4,0,55084.82769255827,52225.13801949637,2859.6896730619,0.23095052083333334,13,1,True
ECA-54,400,8,0,56998.23241863987,51999.378666724704,4998.853751915162,0.23063802083333335,13,2,False
ECA-54,400,2,0,65115.04506345633,63501.66451580162,1613.380547654715,0.2894921875,13,3,False
ECA-54,400,6,0,67247.97815925672,63276.03708246726,3971.94107678946,0.2891015625,13,4,False
ECA-54,400,10,0,69039.68106086079,63076.42100631374,5963.260054547047,0.28858072916666666,13,5,False
ECA-54,400,9,-1,72075.94604740485,66588.12634440366,5487.819703001192,0.3379947916666667,13,6,False
ECA-54,400,5,-1,75479.46197113018,72050.88961651499,3428.572354615182,0.3969921875,13,7,False
ECA-54,400,7,1,75614.5895807943,71120.27499868817,4494.314582106134,0.37666666666666665,13,8,False
ECA-54,400,1,-1,76363.73847147661,75533.92827725824,829.8101942183737,0.4417317708333333,13,9,False
ECA-54,400,3,1,76619.7978652536,74361.29882918565,2258.4990360679462,0.4130078125,13,10,False
ECA-54,600,4,0,88510.56739703634,85436.84443101639,3073.722966019949,0.2581336805555556,13,1,True
ECA-54,600,8,0,90674.0699624163,85255.65244558432,5418.417516831974,0.25796006944444444,13,2,False
ECA-54,600,2,0,100799.54043803611,99219.60724946091,1579.9331885752092,0.3116579861111111,13,3,False
ECA-54,600,6,0,103330.07755187874,99040.54304228589,4289.534509592851,0.31124131944444444,13,4,False
ECA-54,600,10,0,105242.35328489267,98758.86334847556,6483.48993641712,0.3101996527777778,13,5,False
ECA-54,600,9,-1,111414.06198804648,105456.15037286229,5957.91161518419,0.37278645833333335,13,6,False
ECA-54,600,7,-1,114378.5574970583,109515.49258607106,4863.064910987237,0.4007118055555556,13,7,False
ECA-54,600,5,-1,114427.5273952994,110732.93820526052,3694.5891900388747,0.4065017361111111,13,8,False
ECA-54,600,1,1,114671.64851868142,113785.68192439382,885.9665942876046,0.44134548611111113,13,9,False
ECA-54,600,3,1,115450.33659477366,113030.26577329158,2420.0708214820725,0.43592881944444445,13,10,False
ECA-54,800,4,0,122447.63868505182,119220.87758974239,3226.76109530943,0.2953645833333333,13,1,True
ECA-54,800,8,0,124766.3326246151,119046.9532784913,5719.3793461238,0.294921875,13,2,False
ECA-54,800,2,0,136723.92416260397,135064.30377416723,1659.6203884367474,0.3191276041666667,13,3,False
ECA-54,800,6,0,139431.1828779964,134914.1848058605,4516.9980721358925,0.31876302083333335,13,4,False
ECA-54,800,10,0,141540.85011387378,134683.7054046434,6857.144709230364,0.31807291666666665,13,5,False
ECA-54,800,1,1,152770.25296375636,151844.44276953797,925.8101942183737,0.44158854166666667,13,6,False
ECA-54,800,9,1,152963.38711169185,146668.05248503556,6295.334626656275,0.39602213541666664,13,7,False
ECA-54,800,5,-1,153103.5768250099,149218.60600336757,3884.9708216423064,0.42141927083333336,13,8,False
ECA-54,800,3,-1,153718.9788517283,151398.01811903616,2320.9607326921246,0.43993489583333334,13,9,False
ECA-54,800,7,-1,154050.5602491404,148923.16766391136,5127.392585229051,0.418203125,13,10,False
Maze_w_Mice,50,1,"(0, 0)",46702.82434478939,33372.54767301562,13330.276671773767,0.0374560546875,25,1,True
Maze_w_Mice,50,2,"(0, 0)",53430.34168067576,30512.146446047995,22918.19523462777,0.033212890625,25,2,False
Maze_w_Mice,50,3,"(0, 0)",61493.56494877975,30311.568688452004,31181.99626032775,0.0360498046875,25,3,False
Maze_w_Mice,50,4,"(0, 0)",66925.95727831287,28306.962402122263,38618.994876190605,0.03314453125,25,4,False
Maze_w_Mice,50,5,"(0, 0)",74566.37961740445,29092.654669607367,45473.72494779709,0.0371826171875,25,5,False
Maze_w_Mice,50,6,"(0, 0)",77224.48715343291,25385.182325049675,51839.30482838323,0.030615234375,25,6,False
Maze_w_Mice,50,7,"(0, 0)",85222.93590324008,27367.202708917743,57855.73319432235,0.036953125,25,7,False
Maze_w_Mice,50,8,"(0, 0)",88265.61912024397,24731.71588935087,63533.90323089309,0.0330126953125,25,8,False
Maze_w_Mice,100,1,"(0, 0)",59839.80764840254,44588.1293920724,15251.678256330135,0.0239501953125,25,1,True
Maze_w_Mice,100,2,"(0, 0)",65803.77938933483,39143.22604578729,26660.553343547534,0.0188916015625,25,2,False
Maze_w_Mice,100,3,"(0, 0)",77065.08790504659,40380.236893451656,36684.85101159493,0.02253662109375,25,3,False
Maze_w_Mice,100,4,"(0, 0)",82689.18068149917,36852.790212243635,45836.39046925554,0.01883544921875,25,4,False
Maze_w_Mice,100,5,"(0, 0)",94825.22408963909,40473.72164449727,54351.50244514181,0.0238232421875,25,5,False
Maze_w_Mice,100,6,"(0, 0)",94831.02740102183,32467.03488036633,62363.9925206555,0.0160693359375,25,6,False
Maze_w_Mice,100,7,"(0, 0)",108560.92630682643,38586.7204146882,69974.20589213823,0.023779296875,25,7,False
Maze_w_Mice,100,8,"(0, 0)",110656.56757005173,33418.57781767052,77237.98975238121,0.01877197265625,25,8,False
Maze_w_Mice,200,1,"(0, 0)",78191.01597556556,60981.6234672486,17209.39250831696,0.017164306640625,25,1,True
Maze_w_Mice,200,2,"(0, 0)",80595.73499904943,50092.37848638915,30503.35651266027,0.011651611328125,25,2,False
Maze_w_Mice,200,3,"(0, 0)",96690.35768144944,54322.9861956952,42367.371485754236,0.015751953125,25,3,False
Maze_w_Mice,200,4,"(0, 0)",101010.43943356953,47689.33274647446,53321.10668709507,0.011595458984375,25,4,False
Maze_w_Mice,200,6,"(0, 0)",113504.59290860176,40134.89088541189,73369.70202318986,0.00873291015625,25,5,False
Maze_w_Mice,200,5,"(0, 0)",120544.70534252076,56936.59809401892,63608.10724850183,0.017105712890625,25,6,False
Maze_w_Mice,200,8,"(0, 0)",135879.9196231856,44207.13868467453,91672.78093851107,0.011593017578125,25,7,False
Maze_w_Mice,200,7,"(0, 0)",137412.04376697837,54710.62969530832,82701.41407167003,0.01707275390625,25,8,False
Maze_w_Mice,400,2,"(0, 0)",100365.65065066659,65946.86563403267,34418.78501663392,0.0080401611328125,25,1,True
Maze_w_Mice,400,1,"(0, 0)",105689.12397427385,87986.50649761522,17702.617476658637,0.0137799072265625,25,2,False
Maze_w_Mice,400,4,"(0, 0)",124276.07988220631,63269.36685688577,61006.71302532054,0.0079779052734375,25,3,False
Maze_w_Mice,400,3,"(0, 0)",124505.33254570252,76324.019776253,48181.31276944952,0.01236083984375,25,4,False
Maze_w_Mice,400,6,"(0, 0)",133965.9310661761,49231.18809466762,84734.74297150847,0.0050543212890625,25,5,False
Maze_w_Mice,400,5,"(0, 0)",157124.05783622328,83981.18093776607,73142.87689845721,0.0137530517578125,25,6,False
Maze_w_Mice,400,8,"(0, 0)",166459.42031230024,59817.2069381101,106642.21337419013,0.0079779052734375,25,7,False
Maze_w_Mice,400,7,"(0, 0)",176937.85979502133,81059.14871009046,95878.71108493087,0.0137200927734375,25,8,False
Maze_w_Mice,600,2,"(0, 0)",113029.5036260409,79324.26226976977,33705.24135627113,0.006833089192708333,25,1,True
Maze_w_Mice,600,1,"(0, 0)",131516.5381328432,112615.91745470764,18900.620678135565,0.012650146484375,25,2,False
Maze_w_Mice,600,4,"(0, 0)",141934.39171732805,76361.63510890245,65572.75660842558,0.006769612630208333,25,3,False
Maze_w_Mice,600,6,"(0, 0)",147296.00686085425,55785.937322873455,91510.0695379808,0.003829345703125,25,4,False
Maze_w_Mice,600,3,"(0, 0)",147540.34962167678,95912.1720967259,51628.17752495088,0.011234944661458333,25,5,False
Maze_w_Mice,600,5,"(0, 0)",187436.53606231764,108618.63334148831,78817.90272082933,0.012630615234375,25,6,False
Maze_w_Mice,600,8,"(0, 0)",188514.21499906678,72921.30797331799,115592.90702574878,0.006769612630208333,25,7,False
Maze_w_Mice,600,7,"(0, 0)",208756.9556572204,105011.57088949266,103745.38476772772,0.01261474609375,25,8,False
Maze_w_Mice,800,2,"(0, 0)",127113.8747133372,91708.63976001993,35405.234953317275,0.00623291015625,25,1,True
Maze_w_Mice,800,1,"(0, 0)",156054.57828659334,136303.9608099347,19750.617476658637,0.0120892333984375,25,2,False
Maze_w_Mice,800,4,"(0, 0)",157288.79811126716,88451.22807799933,68837.57003326784,0.0061663818359375,25,3,False
Maze_w_Mice,800,6,"(0, 0)",157704.08014814404,61341.45460924499,96362.62553889904,0.00321746826171875,25,4,False
Maze_w_Mice,800,3,"(0, 0)",164058.958076622,114545.12911252334,49513.82896409866,0.01067108154296875,25,5,False
Maze_w_Mice,800,8,"(0, 0)",207032.11448198918,85018.6884313481,122013.42605064108,0.0061663818359375,25,6,False
Maze_w_Mice,800,5,"(0, 0)",215192.08937783947,132312.71184947024,82879.37752836921,0.0120745849609375,25,7,False
Maze_w_Mice,800,7,"(0, 0)",237392.199751576,128007.8246000229,109384.3751515531,0.01206756591796875,25,8,False
S11/B37,50,2,"(0, 0)",54453.28407412736,31535.088839499593,22918.19523462777,0.0397412109375,25,1,True
S11/B37,50,4,"(0, 0)",66242.59863294958,27623.60375675897,38618.994876190605,0.03515625,25,2,False
S11/B37,50,6,"(0, 0)",79534.10633061886,27694.801502235627,51839.30482838323,0.0388525390625,25,3,False
S11/B37,50,8,"(0, 0)",87802.33161393683,24268.428383043734,63533.90323089309,0.0341796875,25,4,False
S11/B37,50,1,"(-1, -1)",212375.15079272387,199044.87412095012,13330.276671773767,0.4219384765625,25,5,False
S11/B37,50,3,"(-1, -1)",220637.27559763682,189455.27933730907,31181.99626032775,0.3719189453125,25,6,False
S11/B37,50,5,"(-1, -1)",224655.7022762198,179181.9773284227,45473.72494779709,0.3427685546875,25,7,False
S11/B37,50,7,"(-1, -1)",226074.46103540607,168218.72784108372,57855.73319432235,0.3090478515625,25,8,False
S11/B37,100,2,"(0, 0)",71436.32217469203,44775.768831144494,26660.553343547534,0.0269189453125,25,1,True
S11/B37,100,4,"(0, 0)",84003.9027789023,38167.51230964676,45836.39046925554,0.02118896484375,25,2,False
S11/B37,100,6,"(0, 0)",102670.99950836625,40307.00698771075,62363.9925206555,0.02572265625,25,3,False
S11/B37,100,8,"(0, 0)",111675.64533901653,34437.655586635316,77237.98975238121,0.0200830078125,25,4,False
S11/B37,100,1,"(-1, -1)",414279.96664318076,399028.2883868506,15251.678256330135,0.425205078125,25,5,False
S11/B37,100,3,"(1, 1)",429512.56273761304,392827.7117260181,36684.85101159493,0.405625,25,6,False
S11/B37,100,5,"(-1, -1)",437423.5931952337,383072.09075009194,54351.50244514181,0.3812060546875,25,7,False
S11/B37,100,7,"(-1, -1)",442725.6451315487,372751.43923941045,69974.20589213823,0.3614794921875,25,8,False
S11/B37,200,2,"(0, 0)",92274.30625784531,61770.94974518503,30503.35651266027,0.01884521484375,25,1,True
S11/B37,200,4,"(0, 0)",102623.24092556449,49302.134238469414,53321.10668709507,0.01227294921875,25,2,False
S11/B37,200,6,"(0, 0)",129034.27387221748,55664.57184902761,73369.70202318986,0.0173876953125,25,3,False
S11/B37,200,8,"(0, 0)",136165.14792985862,44492.36699134755,91672.78093851107,0.011043701171875,25,4,False
S11/B37,200,1,"(-1, -1)",815697.0609396072,798487.6684312903,17209.39250831696,0.4267431640625,25,5,False
S11/B37,200,3,"(1, 1)",840433.4959242876,798066.1244385333,42367.371485754236,0.4259619140625,25,6,False
S11/B37,200,5,"(1, 1)",853154.6542584668,789546.5470099649,63608.10724850183,0.41157958984375,25,7,False
S11/B37,200,7,"(1, 1)",862771.9961075858,780070.5820359158,82701.41407167003,0.39783203125,25,8,False
S11/B37,400,2,"(0, 0)",122334.75330512435,87915.96828849043,34418.78501663392,0.0147119140625,25,1,True
S11/B37,400,4,"(0, 0)",124242.23116039365,63235.51813507312,61006.71302532054,0.00768310546875,25,2,False
S11/B37,400,8,"(0, 0)",162964.10162787934,56321.888253689205,106642.21337419013,0.006397705078125,25,3,False
S11/B37,400,6,"(0, 0)",162993.0788777629,78258.33590625442,84734.74297150847,0.0131768798828125,25,4,False
S11/B37,400,1,"(-1, -1)",1613840.474860389,1596137.8573837304,17702.617476658637,0.426060791015625,25,5,False
S11/B37,400,3,"(1, 1)",1643875.576856421,1595694.2640869715,48181.31276944952,0.4256646728515625,25,6,False
S11/B37,400,5,"(-1, -1)",1665799.2996539301,1592656.4227554728,73142.87689845721,0.422431640625,25,7,False
S11/B37,400,7,"(1, 1)",1688164.9869846732,1592286.2758997423,95878.71108493087,0.4220751953125,25,8,False
S11/B37,600,4,"(0, 0)",139452.37749155005,73879.62088312446,65572.75660842558,0.006153971354166667,25,1,True
S11/B37,600,2,"(0, 0)",144667.70936931952,110962.46801304839,33705.24135627113,0.0133349609375,25,2,False
S11/B37,600,8,"(0, 0)",180407.5945468793,64814.6875211305,115592.90702574878,0.004849446614583333,25,3,False
S11/B37,600,6,"(0, 0)",189160.0236112639,97649.95407328308,91510.0695379808,0.011785481770833333,25,4,False
S11/B37,600,1,"(-1, -1)",2412669.603971615,2393768.9832934793,18900.620678135565,0.42586100260416665,25,5,False
S11/B37,600,3,"(1, 1)",2444886.1346288044,2393257.9571038536,51628.17752495088,0.42555582682291665,25,6,False
S11/B37,600,5,"(-1, -1)",2471106.5306869564,2392288.627966127,78817.90272082933,0.4248933919270833,25,7,False
S11/B37,600,7,"(1, 1)",2492048.148291015,2388302.763523287,103745.38476772772,0.42190388997395833,25,8,False
S11/B37,800,4,"(0, 0)",152036.26819762908,83198.69816436122,68837.57003326784,0.00538818359375,25,1,True
S11/B37,800,2,"(0, 0)",168168.6764953571,132763.44154203983,35405.234953317275,0.012646484375,25,2,False
S11/B37,800,8,"(0, 0)",193979.63506976477,71966.2090191237,122013.42605064108,0.0040740966796875,25,3,False
S11/B37,800,6,"(0, 0)",212141.2291763297,115778.60363743067,96362.62553889904,0.011060791015625,25,4,False
S11/B37,800,1,"(-1, -1)",3211143.5384309334,3191392.920954275,19750.617476658637,0.4257672119140625,25,5,False
S11/B37,800,3,"(1, 1)",3240331.1612171535,3190817.3322530547,49513.82896409866,0.425478515625,25,6,False
S11/B37,800,5,"(-1, -1)",3272008.259918504,3189128.8823901345,82879.37752836921,0.424345703125,25,7,False
S11/B37,800,7,"(1, 1)",3297542.8743114755,3188158.4991599224,109384.3751515531,0.42394195556640624,25,8,False
S24/B11,50,1,"(0, 0)",48002.54611467957,34672.2694429058,13330.276671773767,0.0380126953125,25,1,True
S24/B11,50,2,"(0, 0)",55160.88097912879,32242.685744501025,22918.19523462777,0.0343603515625,25,2,False
S24/B11,50,3,"(0, 0)",62485.06179205606,31303.06553172831,31181.99626032775,0.0353759765625,25,3,False
S24/B11,50,4,"(0, 0)",68094.7671044507,29475.772228260103,38618.994876190605,0.0329443359375,25,4,False
S24/B11,50,5,"(0, 0)",75227.58955760412,29753.86460980703,45473.72494779709,0.0370751953125,25,5,False
S24/B11,50,6,"(0, 0)",78591.5313432875,26752.226514904272,51839.30482838323,0.03181640625,25,6,False
S24/B11,50,7,"(0, 0)",85867.24003098099,28011.506836658635,57855.73319432235,0.0372314453125,25,7,False
S24/B11,50,8,"(0, 0)",88930.92565099058,25397.022420097488,63533.90323089309,0.03291015625,25,8,False
S24/B11,100,1,"(0, 0)",60588.431192130956,45336.75293580082,15251.678256330135,0.02402099609375,25,1,True
S24/B11,100,2,"(0, 0)",67843.22224633463,41182.66890278709,26660.553343547534,0.01993896484375,25,2,False
S24/B11,100,3,"(0, 0)",77221.88329183227,40537.03228023734,36684.85101159493,0.0213427734375,25,3,False
S24/B11,100,4,"(0, 0)",83516.78619236778,37680.39572311225,45836.39046925554,0.018291015625,25,4,False
S24/B11,100,5,"(0, 0)",94501.62651744392,40150.12407230212,54351.50244514181,0.02316162109375,25,5,False
S24/B11,100,6,"(0, 0)",96595.35087970615,34231.358359050646,62363.9925206555,0.0172314453125,25,6,False
S24/B11,100,7,"(0, 0)",108842.7096559066,38868.50376376837,69974.20589213823,0.02373291015625,25,7,False
S24/B11,100,8,"(0, 0)",110982.28595858131,33744.296206200095,77237.98975238121,0.01828857421875,25,8,False
S24/B11,200,1,"(0, 0)",77818.5442146963,60609.151706379336,17209.39250831696,0.01703125,25,1,True
S24/B11,200,2,"(0, 0)",83326.65403022795,52823.29751756768,30503.35651266027,0.01273193359375,25,2,False
S24/B11,200,3,"(0, 0)",95162.15744209799,52794.78595634375,42367.371485754236,0.014306640625,25,3,False
S24/B11,200,4,"(0, 0)",101188.47300477853,47867.36631768345,53321.10668709507,0.0109619140625,25,4,False
S24/B11,200,6,"(0, 0)",116161.97796665972,42792.27594346985,73369.70202318986,0.00995849609375,25,5,False
S24/B11,200,5,"(0, 0)",118265.14652169048,54657.03927318864,63608.10724850183,0.0162109375,25,6,False
S24/B11,200,8,"(0, 0)",135503.88918514395,43831.10824663289,91672.78093851107,0.0109619140625,25,7,False
S24/B11,200,7,"(0, 0)",136906.82645920434,54205.412387534314,82701.41407167003,0.016881103515625,25,8,False
S24/B11,400,1,"(0, 0)",102962.24815959178,85259.63068293314,17702.617476658637,0.013533935546875,25,1,True
S24/B11,400,2,"(0, 0)",104458.20084736645,70039.41583073253,34418.78501663392,0.0091259765625,25,2,False
S24/B11,400,3,"(0, 0)",119454.61182932241,71273.2990598729,48181.31276944952,0.0107891845703125,25,3,False
S24/B11,400,4,"(0, 0)",123072.56636522064,62065.853339900095,61006.71302532054,0.007294921875,25,4,False
S24/B11,400,6,"(0, 0)",138436.57456407492,53701.831592566436,84734.74297150847,0.0063128662109375,25,5,False
S24/B11,400,5,"(0, 0)",150783.88298221497,77641.00608375778,73142.87689845721,0.012733154296875,25,6,False
S24/B11,400,8,"(0, 0)",164706.49404723197,58064.28067304182,106642.21337419013,0.007294921875,25,7,False
S24/B11,400,7,"(0, 0)",174742.05039455832,78863.33930962745,95878.71108493087,0.0134564208984375,25,8,False
S24/B11,600,2,"(0, 0)",118481.61451635238,84776.37316008125,33705.24135627113,0.007925211588541667,25,1,True
S24/B11,600,1,"(0, 0)",126393.71244964804,107493.09177151247,18900.620678135565,0.012368570963541667,25,2,False
S24/B11,600,3,"(0, 0)",138907.18502791217,87279.00750296129,51628.17752495088,0.009621988932291667,25,3,False
S24/B11,600,4,"(0, 0)",139320.34960596747,73747.59299754188,65572.75660842558,0.0060738118489583335,25,4,False
S24/B11,600,6,"(0, 0)",153576.4594329954,62066.3898950146,91510.0695379808,0.005104573567708334,25,5,False
S24/B11,600,5,"(0, 0)",176987.01918146995,98169.11646064062,78817.90272082933,0.011574300130208333,25,6,False
S24/B11,600,8,"(0, 0)",185351.7116660547,69758.80464030593,115592.90702574878,0.0060738118489583335,25,7,False
S24/B11,600,7,"(0, 0)",204858.4057559496,101113.0209882219,103745.38476772772,0.012325032552083334,25,8,False
S24/B11,800,2,"(0, 0)",133906.11251922112,98500.87756590384,35405.234953317275,0.00732421875,25,1,True
S24/B11,800,1,"(0, 0)",148493.92654878288,128743.30907212425,19750.617476658637,0.0117864990234375,25,2,False
S24/B11,800,3,"(0, 0)",151801.24881718267,102287.41985308402,49513.82896409866,0.0090301513671875,25,3,False
S24/B11,800,4,"(0, 0)",153240.4918505121,84402.92181724428,68837.57003326784,0.005462646484375,25,4,False
S24/B11,800,6,"(0, 0)",165789.60224995256,69426.97671105352,96362.62553889904,0.00449462890625,25,5,False
S24/B11,800,5,"(0, 0)",200580.67070327976,117701.29317491055,82879.37752836921,0.0109954833984375,25,6,False
S24/B11,800,8,"(0, 0)",202434.12567588588,80420.69962524479,122013.42605064108,0.005462646484375,25,7,False
S24/B11,800,7,"(0, 0)",231752.32282066316,122367.94766911007,109384.3751515531,0.0117510986328125,25,8,False
S37/B11,50,1,"(0, 0)",50999.691279282866,37669.4146075091,13330.276671773767,0.054658203125,25,1,True
S37/B11,50,2,"(0, 0)",58085.25425588545,35167.05902125768,22918.19523462777,0.049228515625,25,2,False
S37/B11,50,3,"(0, 0)",66897.81014672358,35715.81388639584,31181.99626032775,0.05255859375,25,3,False
S37/B11,50,4,"(0, 0)",72112.22510574706,33493.23022955645,38618.994876190605,0.048291015625,25,4,False
S37/B11,50,5,"(0, 0)",79677.35886665658,34203.63391885948,45473.72494779709,0.051865234375,25,5,False
S37/B11,50,6,"(0, 0)",83319.25608790267,31479.95125951944,51839.30482838323,0.046533203125,25,6,False
S37/B11,50,7,"(0, 0)",91346.48606495377,33490.752870631426,57855.73319432235,0.0522900390625,25,7,False
S37/B11,50,8,"(0, 0)",93881.8695580146,30347.96632712151,63533.90323089309,0.0469482421875,25,8,False
S37/B11,100,1,"(0, 0)",71434.9719287857,56183.29367245556,15251.678256330135,0.03810791015625,25,1,True
S37/B11,100,2,"(0, 0)",76834.82337364196,50174.27003009443,26660.553343547534,0.03072509765625,25,2,False
S37/B11,100,3,"(0, 0)",89569.35332048935,52884.50230889442,36684.85101159493,0.03568115234375,25,3,False
S37/B11,100,4,"(0, 0)",93825.60234304922,47989.211873793676,45836.39046925554,0.0297119140625,25,4,False
S37/B11,100,5,"(0, 0)",106267.70859174666,51916.206146604854,54351.50244514181,0.03589111328125,25,5,False
S37/B11,100,6,"(0, 0)",107509.97557803357,45145.983057378064,62363.9925206555,0.02800537109375,25,6,False
S37/B11,100,8,"(0, 0)",121977.97187740724,44739.98212502603,77237.98975238121,0.02905517578125,25,7,False
S37/B11,100,7,"(0, 0)",122325.71147022051,52351.50557808229,69974.20589213823,0.03762939453125,25,8,False
S37/B11,200,2,"(0, 0)",100736.8368787801,70233.48036611982,30503.35651266027,0.02053955078125,25,1,True
S37/B11,200,1,"(0, 0)",101529.40972282973,84320.01721451277,17209.39250831696,0.02922119140625,25,2,False
S37/B11,200,3,"(0, 0)",120086.6280906155,77719.25660486126,42367.371485754236,0.026456298828125,25,3,False
S37/B11,200,4,"(0, 0)",120194.26675903745,66873.16007194239,53321.10668709507,0.019423828125,25,4,False
S37/B11,200,6,"(0, 0)",135116.8513353099,61747.149312120055,73369.70202318986,0.01746337890625,25,5,False
S37/B11,200,5,"(0, 0)",141282.4029003492,77674.29565184738,63608.10724850183,0.02688232421875,25,6,False
S37/B11,200,8,"(0, 0)",154463.05983905395,62790.27890054288,91672.78093851107,0.01877197265625,25,7,False
S37/B11,200,7,"(0, 0)",162998.96392717792,80297.54985550788,82701.41407167003,0.02887939453125,25,8,False
S37/B11,400,2,"(0, 0)",135779.66798593427,101360.88296930035,34418.78501663392,0.0154388427734375,25,1,True
S37/B11,400,1,"(0, 0)",150238.68161614865,132536.06413949002,17702.617476658637,0.0247601318359375,25,2,False
S37/B11,400,4,"(0, 0)",156446.11177267513,95439.3987473546,61006.71302532054,0.0142449951171875,25,3,False
S37/B11,400,3,"(0, 0)",167033.6115004708,118852.29873102129,48181.31276944952,0.0218353271484375,25,4,False
S37/B11,400,6,"(0, 0)",170142.24722846193,85407.50425695346,84734.74297150847,0.0121734619140625,25,5,False
S37/B11,400,5,"(0, 0)",193782.87502217919,120639.99812372198,73142.87689845721,0.0223455810546875,25,6,False
S37/B11,400,8,"(0, 0)",196254.18448756723,89611.9711133771,106642.21337419013,0.0135919189453125,25,7,False
S37/B11,400,7,"(0, 0)",223565.30710682803,127686.59602189717,95878.71108493087,0.02447998046875,25,8,False
S37/B11,600,2,"(0, 0)",162605.74009831768,128900.49874204656,33705.24135627113,0.013734944661458333,25,1,True
S37/B11,600,4,"(0, 0)",185922.60432224273,120349.84771381716,65572.75660842558,0.012515055338541666,25,2,False
S37/B11,600,1,"(0, 0)",196436.94052790463,177536.31984976906,18900.620678135565,0.023276774088541667,25,3,False
S37/B11,600,6,"(0, 0)",196790.78594020283,105280.71640222202,91510.0695379808,0.010405680338541667,25,4,False
S37/B11,600,3,"(0, 0)",208216.56473447214,156588.38720952126,51628.17752495088,0.020302327473958333,25,5,False
S37/B11,600,8,"(0, 0)",228289.23972448352,112696.33269873475,115592.90702574878,0.011851806640625,25,6,False
S37/B11,600,5,"(0, 0)",239065.4137650683,160247.51104423899,78817.90272082933,0.02083780924479167,25,7,False
S37/B11,600,7,"(0, 0)",275492.4516944759,171747.06692674817,103745.38476772772,0.023028971354166667,25,8,False
S37/B11,800,2,"(0, 0)",190422.61638669032,155017.38143337306,35405.234953317275,0.0128851318359375,25,1,True
S37/B11,800,4,"(0, 0)",212647.76332631573,143810.1932930479,68837.57003326784,0.01165283203125,25,2,False
S37/B11,800,6,"(0, 0)",220024.31119817603,123661.68565927699,96362.62553889904,0.0095220947265625,25,3,False
S37/B11,800,1,"(0, 0)",241000.298911107,221249.68143444837,19750.617476658637,0.0225347900390625,25,4,False
S37/B11,800,3,"(0, 0)",242476.17998858367,192962.35102448502,49513.82896409866,0.019525146484375,25,5,False
S37/B11,800,8,"(0, 0)",256324.65059603428,134311.2245453932,122013.42605064108,0.0109906005859375,25,6,False
S37/B11,800,5,"(0, 0)",281390.29342671146,198510.91589834227,82879.37752836921,0.0200836181640625,25,7,False
S37/B11,800,7,"(0, 0)",323856.62022673024,214472.24507517714,109384.3751515531,0.02230010986328125,25,8,False
diamoeba3d,10,1,"(0, -1, 0)",26800.88144720697,17706.136457647553,9094.744989559418,0.1193603515625,27,1,True
diamoeba3d,10,2,"(0, -1, -1)",29652.484210702572,14811.566761148704,14840.917449553868,0.1135009765625,27,2,False
diamoeba3d,10,6,"(0, -1, 0)",29856.469906634546,8198.0,21658.469906634546,0.1000732421875,27,3,False
diamoeba3d,10,3,"(-1, 1, 1)",32348.19532973862,12902.312611199755,19445.882718538865,0.1125244140625,27,4,False
diamoeba3d,10,4,"(-1, 1, 1)",34579.00496994736,11211.79345743368,23367.211512513677,0.1052001953125,27,5,False
diamoeba3d,10,5,"(0, -1, 1)",36171.08738329318,9098.0,27073.087383293183,0.1110595703125,27,6,False
diamoeba3d,20,1,"(0, 0, -1)",68988.36302658991,58118.06253756155,10870.300489028361,0.21357421875,27,1,True
diamoeba3d,20,2,"(1, -1, 1)",72546.95209742931,54357.46211831047,18189.489979118836,0.2108154296875,27,2,False
diamoeba3d,20,3,"(-1, 0, 1)",75247.76198375877,50960.88463482944,24286.877348929323,0.20679931640625,27,3,False
diamoeba3d,20,4,"(1, -1, -1)",77302.24682345273,47620.41192434499,29681.834899107736,0.19840087890625,27,4,False
diamoeba3d,20,5,"(0, -1, -1)",78848.0574765834,44308.52667987109,34539.530796712315,0.1997314453125,27,5,False
diamoeba3d,20,6,"(0, 0, 1)",79939.72747069267,41047.96203361494,38891.76543707773,0.1854248046875,27,6,False
diamoeba3d,40,1,"(1, 1, -1)",146534.26204317526,133812.6405934749,12721.621449700366,0.264593505859375,27,1,True
diamoeba3d,40,2,"(-1, 1, 1)",151856.3743508805,130115.77337282378,21740.600978056722,0.263580322265625,27,2,False
diamoeba3d,40,3,"(-1, 0, -1)",155966.71283689377,126508.21101555755,29458.50182133622,0.260699462890625,27,3,False
diamoeba3d,40,4,"(1, -1, -1)",160020.07666576156,123641.09670752389,36378.97995823767,0.258453369140625,27,4,False
diamoeba3d,40,5,"(-1, 0, -1)",162829.2237399114,120112.64035634822,42716.583383563164,0.255572509765625,27,5,False
diamoeba3d,40,6,"(1, 0, -1)",164390.64367984468,115816.88898198605,48573.75469785865,0.247344970703125,27,6,False
diamoeba3d,60,1,"(1, 1, -1)",221834.4687648142,208003.02356712436,13831.445197689856,0.28137613932291666,27,1,True
diamoeba3d,60,2,"(-1, -1, 1)",228281.43493787255,204390.50229672185,23890.932641150695,0.28101806640625,27,2,False
diamoeba3d,60,3,"(1, 1, -1)",233456.54438849713,200845.64292141204,32610.90146708508,0.2793986002604167,27,3,False
diamoeba3d,60,4,"(-1, -1, 1)",238723.07325156708,198231.6968720214,40491.3763795457,0.2774169921875,27,4,False
diamoeba3d,60,5,"(0, 1, 1)",242700.68342818532,194935.19193986667,47765.49148831866,0.27644449869791665,27,5,False
diamoeba3d,60,6,"(-1, -1, 0)",245421.91487645495,190853.44493909844,54568.46993735651,0.27274169921875,27,6,False
diamoeba3d,80,1,"(1, 1, -1)",296672.250510255,282043.67513056356,14628.575379691443,0.2901458740234375,27,1,True
diamoeba3d,80,2,"(-1, -1, -1)",303958.31072638574,278515.06782698503,25443.24289940073,0.2900177001953125,27,2,False
diamoeba3d,80,3,"(-1, -1, -1)",309662.5011983211,274771.4670319912,34891.03416632989,0.2891143798828125,27,3,False
diamoeba3d,80,4,"(0, 0, 1)",315906.5792482449,272425.3772921314,43481.201956113444,0.2883270263671875,27,4,False
diamoeba3d,80,5,"(1, 1, 1)",320557.48786322086,269110.923041514,51446.56482170685,0.2865875244140625,27,5,False
diamoeba3d,80,6,"(-1, -1, 0)",324388.05471743946,265471.051074767,58917.00364267244,0.284033203125,27,6,False
