survive_lo,survive_hi,birth_lo,birth_hi,rule_name,end_density,best_shift_0,best_shift_1,best_period,defect_rate,run_length_bits,lz4_bits,rule_error,has_nonzero_shift,total_sites,defect_sites
1,4,1,1,S14/B11,0.4019,0,0,2,0.00851,4074,6504,0.0,False,92160,784
2,5,1,2,S25/B12,0.5131,0,0,4,0.00908,4572,7472,0.0,False,92160,837
6,6,3,6,S66/B36,0.4976,0,0,2,0.00981,5518,8448,0.0,False,92160,904
6,7,3,6,S67/B36,0.497,0,0,2,0.01009,5652,8760,0.0,False,92160,930
2,5,2,2,S25/B22,0.5152,0,0,4,0.0105,5304,8272,0.0,False,92160,968
6,8,3,6,S68/B36,0.4965,0,0,6,0.01059,5848,9048,0.0,False,92160,976
0,3,6,6,S03/B66,0.2148,0,0,1,0.01071,2756,3968,0.0,False,92160,987
0,3,6,7,S03/B67,0.2257,0,0,1,0.01131,2820,4096,0.0,False,92160,1042
1,4,6,6,S14/B66,0.2947,0,0,6,0.01134,4382,6544,0.0,False,92160,1045
2,5,1,1,S25/B11,0.4674,0,0,6,0.01136,6768,10024,0.00063,False,92160,1047
0,3,6,8,S03/B68,0.2283,0,0,1,0.01137,2810,4096,0.0,False,92160,1048
1,4,6,7,S14/B67,0.2984,0,0,2,0.01192,4328,6496,0.0,False,92160,1099
1,4,6,8,S14/B68,0.3002,0,0,2,0.0123,4438,6680,0.0,False,92160,1134
1,3,6,6,S13/B66,0.174,0,0,1,0.01258,3610,5200,0.0,False,92160,1159
0,2,6,6,S02/B66,0.1293,0,0,1,0.01277,2573,3264,0.0,False,92160,1177
1,3,6,7,S13/B67,0.1853,0,0,1,0.013,3684,5288,0.0,False,92160,1198
1,3,6,8,S13/B68,0.1871,0,0,1,0.01304,3684,5336,0.0,False,92160,1202
0,2,6,7,S02/B67,0.1454,0,0,1,0.01321,2533,3264,0.0,False,92160,1217
0,2,6,8,S02/B68,0.148,0,0,1,0.01327,2519,3264,0.0,False,92160,1223
3,6,2,3,S36/B23,0.6262,0,0,2,0.01341,5648,8520,0.0,False,92160,1236
3,6,1,3,S36/B13,0.6247,0,0,2,0.01401,6002,9128,0.0,False,92160,1291
0,1,6,6,S01/B66,0.0712,0,0,1,0.01411,2729,3360,0.0,False,92160,1300
2,5,3,3,S25/B33,0.5595,0,0,1,0.01414,6620,9792,0.0,False,92160,1303
1,2,6,6,S12/B66,0.0768,0,0,1,0.01428,3643,4936,0.0,False,92160,1316
0,0,6,6,S00/B66,0.0425,0,0,1,0.01441,3067,3736,0.0,False,92160,1328
0,1,6,7,S01/B67,0.0868,0,0,1,0.01452,2703,3392,0.0,False,92160,1338
1,2,6,7,S12/B67,0.0907,0,0,1,0.01452,3665,4984,0.0,False,92160,1338
1,2,6,8,S12/B68,0.0907,0,0,1,0.01458,3685,5016,0.0,False,92160,1344
0,1,6,8,S01/B68,0.0894,0,0,1,0.01458,2693,3392,0.0,False,92160,1344
0,2,5,5,S02/B55,0.1523,0,0,2,0.01477,3275,4448,0.0,False,92160,1361
0,0,6,7,S00/B67,0.0512,0,0,1,0.01482,3171,3976,0.0,False,92160,1366
0,0,6,8,S00/B68,0.0538,0,0,1,0.01489,3161,3976,0.0,False,92160,1372
1,4,2,2,S14/B22,0.4661,0,0,1,0.0151,6494,9232,0.0,False,92160,1392
1,1,6,7,S11/B67,0.0208,0,0,1,0.01531,4067,5408,0.0,False,92160,1411
1,1,6,8,S11/B68,0.0208,0,0,1,0.01538,4087,5456,0.0,False,92160,1417
0,1,5,5,S01/B55,0.1037,0,0,1,0.01554,3087,4000,0.0,False,92160,1432
0,0,5,5,S00/B55,0.0473,0,0,1,0.0157,3711,4752,0.0,False,92160,1447
2,5,2,3,S25/B23,0.5583,0,0,2,0.01604,6930,9984,0.0,False,92160,1478
1,2,5,5,S12/B55,0.1011,0,0,2,0.01613,4357,6056,0.0,False,92160,1487
0,0,3,6,S00/B36,0.4958,0,0,2,0.01629,8252,12016,0.0,False,92160,1501
1,1,5,5,S11/B55,0.0365,0,0,1,0.01644,4449,6008,0.0,False,92160,1515
0,0,4,4,S00/B44,0.0295,0,0,1,0.01647,4307,5552,0.0,False,92160,1518
0,1,4,4,S01/B44,0.0764,0,0,1,0.01724,4369,5880,0.0,False,92160,1589
0,1,5,6,S01/B56,0.1176,0,0,1,0.01729,3785,5168,0.0,False,92160,1593
0,0,5,6,S00/B56,0.0451,0,0,1,0.01738,4329,5400,0.0,False,92160,1602
0,2,5,6,S02/B56,0.1806,0,0,2,0.01749,4143,5912,0.0,False,92160,1612
0,3,5,5,S03/B55,0.2073,0,0,6,0.01769,5389,7472,0.0,False,92160,1630
0,1,5,7,S01/B57,0.1276,0,0,1,0.01783,3911,5336,0.0,False,92160,1643
0,1,5,8,S01/B58,0.1302,0,0,1,0.01789,3901,5336,0.0,False,92160,1649
0,0,5,7,S00/B57,0.0486,0,0,1,0.01791,4529,5688,0.0,False,92160,1651
0,0,5,8,S00/B58,0.0512,0,0,1,0.01798,4525,5688,0.0,False,92160,1657
1,1,4,4,S11/B44,0.0252,0,0,1,0.01809,5647,7584,0.0,False,92160,1667
0,2,5,7,S02/B57,0.1888,0,0,2,0.01834,4393,6336,0.0,False,92160,1690
0,0,3,3,S00/B33,0.0256,0,0,4,0.01834,5731,7872,0.0,False,92160,1690
0,2,5,8,S02/B58,0.1918,0,0,2,0.0184,4387,6368,0.0,False,92160,1696
1,1,5,6,S11/B56,0.0304,0,0,1,0.01885,5531,7096,0.0,False,92160,1737
3,6,3,4,S36/B34,0.6623,0,0,1,0.01923,7370,10520,0.0,False,92160,1772
1,1,5,7,S11/B57,0.0347,0,0,1,0.01954,5753,7360,0.0,False,92160,1801
1,1,5,8,S11/B58,0.0347,0,0,1,0.01961,5775,7360,0.0,False,92160,1807
1,2,5,6,S12/B56,0.1141,0,0,2,0.01973,5823,8056,0.0,False,92160,1818
1,3,5,5,S13/B55,0.1691,0,0,6,0.01987,6329,8800,0.0,False,92160,1831
2,3,6,6,S23/B66,0.0304,0,0,1,0.01992,6386,8360,0.0,False,92160,1836
1,1,3,3,S11/B33,0.0226,0,0,2,0.02001,6651,9384,0.0,False,92160,1844
0,2,4,4,S02/B44,0.1196,0,0,6,0.02014,6233,8256,0.0,False,92160,1856
2,3,6,7,S23/B67,0.0339,0,0,1,0.02045,6614,8536,0.0,False,92160,1885
2,3,6,8,S23/B68,0.0339,0,0,1,0.02057,6664,8560,0.0,False,92160,1896
1,2,5,7,S12/B57,0.1185,0,0,2,0.0207,6075,8328,0.0,False,92160,1908
1,2,5,8,S12/B58,0.1185,0,0,2,0.02077,6095,8344,0.0,False,92160,1914
2,5,1,3,S25/B13,0.5536,0,0,2,0.02102,9280,13216,0.0,False,92160,1937
3,6,3,3,S36/B33,0.6345,0,0,2,0.0213,9178,12976,0.0,False,92160,1963
1,2,4,4,S12/B44,0.072,0,0,2,0.02133,6701,9088,0.0,False,92160,1966
4,7,2,5,S47/B25,0.7582,0,0,2,0.0216,6558,9224,0.0,False,92160,1991
2,4,6,7,S24/B67,0.1556,0,0,2,0.02206,7804,10312,0.0,False,92160,2033
0,0,4,5,S00/B45,0.0343,0,0,1,0.02215,6605,8392,0.0,False,92160,2041
3,6,2,4,S36/B24,0.6565,0,0,2,0.02217,8340,11936,0.0,False,92160,2043
3,6,1,2,S36/B12,0.5967,0,0,4,0.0225,9708,13696,0.0,False,92160,2074
0,3,1,1,S03/B11,0.3682,0,0,2,0.02254,8660,11776,0.0,False,92160,2077
2,4,6,8,S24/B68,0.1539,0,0,2,0.02268,7980,10528,0.0,False,92160,2090
0,3,5,6,S03/B56,0.2304,0,0,2,0.02283,6733,9376,0.0,False,92160,2104
1,4,1,2,S14/B12,0.4718,0,0,2,0.02296,9704,13728,0.0,False,92160,2116
2,5,6,6,S25/B66,0.3043,0,0,4,0.02331,9232,12728,0.0,False,92160,2148
4,7,3,5,S47/B35,0.7639,0,0,1,0.02385,7374,9944,0.0,False,92160,2198
0,3,5,7,S03/B57,0.2404,0,0,2,0.02389,7105,9736,0.0,False,92160,2202
0,3,5,8,S03/B58,0.2438,0,0,2,0.02393,6965,9728,0.0,False,92160,2205
0,1,4,5,S01/B45,0.1033,0,0,1,0.02406,6806,8944,0.0,False,92160,2217
2,4,6,6,S24/B66,0.1402,0,0,2,0.02407,9024,11568,0.0,False,92160,2218
0,1,3,3,S01/B33,0.0595,0,0,4,0.02458,8565,11520,0.0,False,92160,2265
2,3,5,5,S23/B55,0.0373,0,0,1,0.02466,8185,10504,0.0,False,92160,2273
4,7,1,4,S47/B14,0.7257,0,0,4,0.02466,7705,10568,0.0,False,92160,2273
1,3,5,6,S13/B56,0.1904,0,0,4,0.02487,7663,10272,0.0,False,92160,2292
1,1,4,5,S11/B45,0.0391,0,0,1,0.02493,7879,10136,0.0,False,92160,2298
3,6,1,4,S36/B14,0.6543,0,0,6,0.02515,9550,13456,0.0,False,92160,2318
3,6,6,6,S36/B66,0.3388,0,0,2,0.02549,10209,13720,0.0,False,92160,2349
1,3,5,7,S13/B57,0.2016,0,0,4,0.02554,7811,10520,0.0,False,92160,2354
1,3,1,1,S13/B11,0.3802,0,0,1,0.02562,9370,12304,0.0,False,92160,2361
1,3,5,8,S13/B58,0.2021,0,0,4,0.02563,7755,10536,0.0,False,92160,2362
2,5,6,8,S25/B68,0.2738,0,0,4,0.02655,10008,13256,0.0,False,92160,2447
2,5,6,7,S25/B67,0.2641,0,0,4,0.02799,10348,13576,0.0,False,92160,2580
2,2,4,5,S22/B45,0.0234,0,0,1,0.02916,9293,11528,0.0,False,92160,2687
2,3,5,6,S23/B56,0.053,0,0,2,0.02949,9811,12472,0.0,False,92160,2718
0,0,4,6,S00/B46,0.0286,0,0,1,0.02968,9235,11488,0.0,False,92160,2735
4,7,2,4,S47/B24,0.725,0,0,4,0.03024,10180,13784,0.0,False,92160,2787
2,3,5,7,S23/B57,0.0577,0,0,2,0.03084,10243,12880,0.0,False,92160,2842
2,3,5,8,S23/B58,0.059,0,0,2,0.03088,10215,12896,0.0,False,92160,2846
2,3,4,4,S23/B44,0.0339,0,0,1,0.03214,10597,13376,0.0,False,92160,2962
0,0,4,7,S00/B47,0.0286,0,0,1,0.0338,10547,13120,0.0,False,92160,3115
1,2,4,5,S12/B45,0.1016,0,0,2,0.0338,10581,13680,0.0,False,92160,3115
0,1,4,6,S01/B46,0.1003,0,0,1,0.03458,10302,12696,0.0,False,92160,3187
1,1,4,6,S11/B46,0.0234,0,0,1,0.03461,11107,13464,0.0,False,92160,3190
3,5,6,6,S35/B66,0.0848,0,0,2,0.03526,11247,13784,0.0,False,92160,3250
3,6,6,7,S36/B67,0.2446,0,0,6,0.03533,12597,15720,0.0,False,92160,3256
3,5,6,8,S35/B68,0.0729,0,0,1,0.0362,11125,13528,0.0,False,92160,3336
3,6,6,8,S36/B68,0.2181,0,0,2,0.03651,12705,16336,0.0,False,92160,3365
3,6,5,5,S36/B55,0.5078,0,0,1,0.03716,14264,18136,0.0,False,92160,3425
3,5,6,7,S35/B67,0.059,0,0,1,0.03772,11573,14040,0.0,False,92160,3476
4,7,3,6,S47/B36,0.7928,0,0,6,0.03814,13272,17696,0.0,False,92160,3515
1,4,5,5,S14/B55,0.274,0,0,4,0.03902,15373,18912,0.00206,False,92160,3596
2,4,1,1,S24/B11,0.431,0,0,6,0.03926,16594,20872,0.00208,False,92160,3618
4,7,3,4,S47/B34,0.7307,0,0,4,0.03939,13462,17632,0.0,False,92160,3630
0,2,4,5,S02/B45,0.1406,0,0,2,0.03943,13571,17952,0.0,False,92160,3634
0,1,4,7,S01/B47,0.1003,0,0,1,0.0403,11972,14640,0.0,False,92160,3714
2,4,5,5,S24/B55,0.1314,0,0,2,0.04112,13617,16552,0.0,False,92160,3790
5,8,4,7,S58/B47,0.6457,0,0,6,0.04196,15889,19488,0.0008,False,92160,3867
1,4,5,6,S14/B56,0.2492,0,0,4,0.04214,13789,17544,0.00043,False,92160,3884
5,5,3,6,S55/B36,0.4909,0,0,6,0.04327,17310,22000,0.0002,False,92160,3988
1,2,3,3,S12/B33,0.0278,0,0,6,0.04386,18077,23856,0.00299,False,92160,4042
1,4,5,7,S14/B57,0.2514,0,0,4,0.04422,14153,17400,0.00056,False,92160,4075
0,0,3,4,S00/B34,0.0359,0,0,4,0.04434,17010,22600,0.00032,False,92160,4086
2,4,5,6,S24/B56,0.1043,0,0,2,0.04439,13569,16592,0.0,False,92160,4091
5,8,4,6,S58/B46,0.5017,0,0,4,0.04517,16649,20560,0.00086,False,92160,4163
3,6,2,2,S36/B22,0.5852,0,0,4,0.04535,19775,26424,0.00325,False,92160,4179
2,4,2,2,S24/B22,0.476,0,0,4,0.0454,17596,21792,0.00093,False,92160,4184
2,4,5,7,S24/B57,0.1124,0,0,4,0.04693,14661,17712,0.0,False,92160,4325
2,3,4,5,S23/B45,0.0223,0,0,2,0.04728,15509,19112,0.0,False,92160,4357
1,3,4,4,S13/B44,0.1293,0,0,6,0.04735,16977,20784,0.00072,False,92160,4364
3,6,4,4,S36/B44,0.6606,0,0,6,0.04791,19632,22200,0.00502,False,92160,4415
0,1,3,6,S01/B36,0.4988,0,0,4,0.04836,20918,25464,0.00128,False,92160,4457
2,4,5,8,S24/B58,0.1126,0,0,2,0.04842,15281,18528,0.0,False,92160,4462
1,4,5,8,S14/B58,0.2424,0,0,4,0.04869,15409,19568,0.0,False,92160,4487
3,5,5,7,S35/B57,0.0694,0,0,1,0.05155,14820,18192,0.0,False,92160,4751
3,5,5,8,S35/B58,0.0951,0,0,2,0.05181,15002,18536,0.0,False,92160,4775
5,8,4,5,S58/B45,0.0278,0,0,2,0.05205,15201,18632,0.0,False,92160,4797
3,5,5,6,S35/B56,0.0962,0,0,2,0.05215,15526,18816,0.0,False,92160,4806
1,2,4,6,S12/B46,0.0903,0,0,4,0.05237,15903,18960,0.0,False,92160,4826
3,5,5,5,S35/B55,0.1185,0,0,1,0.05279,15988,19128,0.0,False,92160,4865
1,1,3,6,S11/B36,0.497,0,0,4,0.05342,23464,29120,0.0039,False,92160,4923
2,4,1,2,S24/B12,0.4662,0,0,4,0.05408,22916,28352,0.00226,False,92160,4984
2,3,4,6,S23/B46,0.029,0,0,2,0.05959,17969,21008,0.0,False,92160,5492
1,4,3,3,S14/B33,0.4944,0,0,6,0.06164,22604,26976,0.0004,False,92160,5681
1,2,4,7,S12/B47,0.0946,0,0,4,0.06261,18879,22168,0.0,False,92160,5770
4,7,6,7,S47/B67,0.0495,0,0,6,0.06366,20723,22240,0.00456,False,92160,5867
2,3,4,7,S23/B47,0.0204,0,0,2,0.06659,19483,22648,0.0,False,92160,6137
0,2,4,6,S02/B46,0.151,0,0,4,0.06676,22397,26720,0.00318,False,92160,6153
4,7,4,6,S47/B46,0.7788,0,0,6,0.06719,23017,28632,0.00347,False,92160,6192
0,3,2,2,S03/B22,0.428,0,0,4,0.0676,23412,28256,0.00087,False,92160,6230
4,7,1,3,S47/B13,0.7182,0,0,4,0.06768,24762,29848,0.005,False,92160,6237
4,7,4,5,S47/B45,0.7704,0,0,6,0.06897,24566,30328,0.00992,False,92160,6356
3,6,5,8,S36/B58,0.201,0,0,4,0.06902,20071,24616,0.00055,False,92160,6361
4,7,5,5,S47/B55,0.1198,0,0,6,0.06938,22723,24664,0.00575,False,92160,6394
0,3,4,4,S03/B44,0.1816,0,0,6,0.07012,29877,35800,0.01525,False,92160,6462
3,6,1,1,S36/B11,0.4917,0,0,6,0.07015,34865,44880,0.03602,False,92160,6465
4,7,5,6,S47/B56,0.2859,0,0,6,0.0702,25135,28152,0.01107,False,92160,6470
5,8,3,6,S58/B36,0.9375,0,0,6,0.07115,21870,26688,0.00162,False,92160,6557
2,5,5,6,S25/B56,0.2609,0,0,6,0.07138,25497,29912,0.01265,False,92160,6578
2,5,5,8,S25/B58,0.2409,0,0,6,0.07617,26349,31232,0.00942,False,92160,7020
2,5,5,7,S25/B57,0.2299,0,0,6,0.07923,28311,34368,0.01344,False,92160,7302
1,3,2,2,S13/B22,0.4385,0,0,6,0.08306,28742,33688,0.00721,False,92160,7655
2,5,4,4,S25/B44,0.575,0,0,6,0.08337,32417,36368,0.01456,False,92160,7683
4,7,5,7,S47/B57,0.2115,0,0,6,0.08523,29257,33664,0.01463,False,92160,7855
0,2,4,7,S02/B47,0.1493,0,0,6,0.08671,29709,33760,0.00884,False,92160,7991
1,3,4,5,S13/B45,0.0902,0,0,6,0.0886,34503,39824,0.01436,False,92160,8165
3,6,5,7,S36/B57,0.1702,0,0,6,0.09134,30169,35048,0.01541,False,92160,8418
3,6,5,6,S36/B56,0.2538,0,0,6,0.09655,35140,40992,0.02898,False,92160,8898
2,5,3,4,S25/B34,0.5766,0,0,6,0.0971,35414,41336,0.01163,False,92160,8949
4,7,4,4,S47/B44,0.3625,0,0,6,0.09814,40175,47392,0.02526,False,92160,9045
2,5,5,5,S25/B55,0.3538,0,0,6,0.10184,38595,43584,0.02872,False,92160,9386
2,4,4,6,S24/B46,0.0615,0,0,6,0.10856,36301,41568,0.01896,False,92160,10005
5,8,2,5,S58/B25,0.862,0,0,6,0.10924,35149,38984,0.01348,False,92160,10068
3,6,4,5,S36/B45,0.6817,0,0,6,0.11206,40021,47376,0.02653,False,92160,10327
0,2,1,1,S02/B11,0.3479,0,0,6,0.11258,38521,43712,0.02619,False,92160,10375
2,4,4,7,S24/B47,0.076,0,0,6,0.11368,37937,43840,0.03004,False,92160,10477
3,6,2,5,S36/B25,0.6873,0,0,6,0.11579,42874,51000,0.04681,False,92160,10671
4,7,2,3,S47/B23,0.7146,0,0,6,0.1188,43578,52208,0.03732,False,92160,10949
1,4,2,3,S14/B23,0.4997,0,0,6,0.11944,44210,51672,0.02961,False,92160,11008
2,4,4,5,S24/B45,0.0871,0,0,6,0.12051,40195,46464,0.02641,False,92160,11106
4,7,3,3,S47/B33,0.1807,0,0,6,0.12066,50089,61840,0.05474,False,92160,11120
1,3,4,6,S13/B46,0.0768,0,0,6,0.12077,42461,49112,0.03348,False,92160,11130
3,5,1,2,S35/B12,0.5451,0,0,6,0.12356,49116,59584,0.04965,False,92160,11387
5,7,4,6,S57/B46,0.0946,0,0,6,0.12472,43419,48976,0.04286,False,92160,11494
3,5,2,3,S35/B23,0.5734,0,0,6,0.12581,48352,57168,0.04064,False,92160,11595
0,3,4,5,S03/B45,0.1757,0,0,6,0.12791,51577,64680,0.06249,False,92160,11788
4,7,5,8,S47/B58,0.0204,0,0,6,0.1313,40317,46360,0.02925,False,92160,12101
1,3,4,7,S13/B47,0.0858,0,0,6,0.13328,44003,48216,0.02542,False,92160,12283
3,5,1,3,S35/B13,0.5692,0,0,6,0.13561,51118,60600,0.05804,False,92160,12498
3,6,3,5,S36/B35,0.6876,0,0,6,0.1357,50729,59888,0.07007,False,92160,12506
1,2,1,1,S12/B11,0.3725,0,0,6,0.13712,50039,54864,0.04498,False,92160,12637
3,5,4,7,S35/B47,0.0213,0,0,6,0.14422,44667,51816,0.04469,False,92160,13291
5,6,3,6,S56/B36,0.4997,0,0,6,0.1481,55144,66032,0.10749,False,92160,13649
2,4,4,4,S24/B44,0.1556,0,0,6,0.15058,56275,65168,0.07276,False,92160,13877
0,3,4,6,S03/B46,0.1609,0,0,6,0.15175,54532,64600,0.06562,False,92160,13985
0,0,2,5,S00/B25,0.4675,0,0,6,0.15191,63048,74664,0.07492,False,92160,14000
2,5,2,4,S25/B24,0.5651,0,0,6,0.15898,57868,69128,0.07184,False,92160,14652
3,5,1,1,S35/B11,0.405,0,0,6,0.15908,63031,75520,0.12698,False,92160,14661
3,5,2,2,S35/B22,0.5378,0,0,6,0.16341,58779,70200,0.08699,False,92160,15060
5,7,4,7,S57/B47,0.1349,0,0,6,0.16373,55723,66864,0.08794,False,92160,15089
3,5,3,3,S35/B33,0.5738,0,0,6,0.16512,61570,72928,0.08445,False,92160,15217
1,1,2,5,S11/B25,0.4674,0,0,6,0.16844,64538,75992,0.0891,False,92160,15523
0,1,2,5,S01/B25,0.4628,0,0,6,0.17163,66528,79120,0.0969,False,92160,15817
2,3,3,3,S23/B33,0.1499,0,0,6,0.17338,67315,84520,0.09911,False,92160,15979
5,7,3,6,S57/B36,0.7997,0,0,6,0.17377,63204,75016,0.13341,False,92160,16015
0,1,3,4,S01/B34,0.1692,0,0,6,0.17396,69509,86368,0.12259,False,92160,16032
6,8,3,5,S68/B35,0.3599,0,0,6,0.17463,71808,87392,0.1457,False,92160,16094
2,4,3,3,S24/B33,0.5023,0,0,6,0.17794,61946,72320,0.08339,False,92160,16399
6,7,3,5,S67/B35,0.363,0,0,6,0.17968,73366,88048,0.15287,False,92160,16559
6,6,3,5,S66/B35,0.3589,0,0,6,0.18059,72800,87464,0.15408,False,92160,16643
5,8,3,5,S58/B35,0.8652,0,0,6,0.18389,62640,72080,0.10613,False,92160,16947
0,3,4,7,S03/B47,0.1785,0,0,6,0.18419,63139,74320,0.10685,False,92160,16975
2,4,2,3,S24/B23,0.4897,0,0,6,0.18537,66980,79984,0.1058,False,92160,17084
0,0,1,1,S00/B11,0.2105,2,-2,6,0.18668,69411,84192,0.21839,True,92160,17204
0,0,2,2,S00/B22,0.2157,-1,2,6,0.18849,74781,88112,0.11823,True,92160,17371
1,3,1,2,S13/B12,0.4359,0,0,6,0.19051,68804,80968,0.11758,False,92160,17557
0,0,3,5,S00/B35,0.38,0,0,6,0.19093,75016,89640,0.16804,False,92160,17596
5,5,3,5,S55/B35,0.3734,0,0,6,0.20229,77469,90448,0.17801,False,92160,18643
6,6,2,2,S66/B22,0.2101,2,-2,6,0.20312,79746,91392,0.12231,True,92160,18720
1,1,1,1,S11/B11,0.2259,1,-1,6,0.20412,75802,88304,0.25858,True,92160,18812
6,8,2,2,S68/B22,0.2133,-3,-3,6,0.20737,80443,91728,0.12668,True,92160,19111
6,7,2,2,S67/B22,0.2135,-1,0,6,0.20765,80663,91664,0.12979,True,92160,19137
4,6,2,4,S46/B24,0.6424,0,0,6,0.20794,73674,85672,0.14866,False,92160,19164
6,6,1,1,S66/B11,0.2114,-2,-2,6,0.20804,78359,91184,0.27168,True,92160,19173
0,2,3,3,S02/B33,0.2371,0,0,6,0.20843,78135,90328,0.12561,False,92160,19209
6,7,1,1,S67/B11,0.2182,-3,-3,6,0.20931,78123,90936,0.2708,True,92160,19290
6,8,1,1,S68/B11,0.2165,-3,-3,6,0.21093,78757,91200,0.28196,True,92160,19439
0,1,1,1,S01/B11,0.238,-2,2,6,0.2116,75855,88296,0.27999,True,92160,19501
3,5,4,4,S35/B44,0.1494,0,0,6,0.2119,71283,82224,0.13893,False,92160,19529
4,6,1,4,S46/B14,0.6484,0,0,6,0.2137,74394,87160,0.14551,False,92160,19695
5,8,2,2,S58/B22,0.2143,3,1,6,0.21446,81703,92080,0.13842,True,92160,19765
5,5,2,2,S55/B22,0.2238,1,0,6,0.21534,82277,92040,0.15828,True,92160,19846
5,6,3,5,S56/B35,0.374,0,0,6,0.21581,79946,91232,0.18609,False,92160,19889
5,7,2,2,S57/B22,0.2175,-3,-3,6,0.21659,82445,92240,0.14522,True,92160,19961
5,6,2,2,S56/B22,0.2184,-3,2,6,0.21793,83087,92208,0.15279,True,92160,20084
5,5,1,1,S55/B11,0.2217,-2,2,6,0.21801,80900,91912,0.29735,True,92160,20092
0,3,1,2,S03/B12,0.4232,0,0,6,0.2196,76528,88528,0.17653,False,92160,20238
5,6,1,1,S56/B11,0.2223,3,2,6,0.22161,81679,92040,0.29943,True,92160,20424
5,8,1,1,S58/B11,0.2311,-3,-1,6,0.22296,82227,92152,0.29531,True,92160,20548
2,3,1,1,S23/B11,0.3444,0,0,6,0.22381,80658,90704,0.23831,False,92160,20626
1,1,2,2,S11/B22,0.2431,-2,-3,6,0.22431,82287,91368,0.18551,True,92160,20672
5,7,1,1,S57/B11,0.2304,3,0,6,0.22432,82506,92144,0.29667,True,92160,20673
3,5,4,5,S35/B45,0.0393,0,0,6,0.22449,70844,80768,0.15659,False,92160,20689
1,2,1,4,S12/B14,0.4332,0,0,6,0.22503,76801,89656,0.17235,False,92160,20739
0,1,2,2,S01/B22,0.2414,-2,1,6,0.22577,82305,91392,0.21477,True,92160,20807
3,4,1,1,S34/B11,0.3125,0,0,6,0.22742,82781,91920,0.28847,False,92160,20959
0,2,1,4,S02/B14,0.4372,0,0,6,0.22908,78989,90824,0.18026,False,92160,21112
2,2,1,4,S22/B14,0.4307,0,0,6,0.2304,78778,90632,0.17485,False,92160,21234
4,4,1,1,S44/B11,0.2375,-2,1,6,0.23105,84337,92280,0.33308,True,92160,21294
4,4,2,2,S44/B22,0.2411,-2,-1,6,0.23137,85375,92344,0.18721,True,92160,21323
2,5,1,4,S25/B14,0.5484,0,0,6,0.23257,79094,90104,0.16305,False,92160,21434
4,6,3,5,S46/B35,0.6847,0,0,6,0.23394,81726,91192,0.26259,False,92160,21560
1,4,1,3,S14/B13,0.4863,0,0,6,0.23421,79115,90608,0.16091,False,92160,21585
6,7,2,5,S67/B25,0.4566,0,0,6,0.23524,83773,91488,0.15915,False,92160,21680
4,5,2,2,S45/B22,0.2437,-2,-1,6,0.23816,86600,92344,0.19481,True,92160,21949
4,5,1,1,S45/B11,0.2526,2,2,6,0.23825,85176,92344,0.32997,True,92160,21957
4,6,4,6,S46/B46,0.1516,0,0,6,0.23865,73415,86832,0.20348,False,92160,21994
3,3,1,1,S33/B11,0.2545,2,2,6,0.2397,85411,92264,0.34684,True,92160,22091
2,2,1,1,S22/B11,0.255,-1,-2,6,0.23985,85798,92256,0.35386,True,92160,22105
4,6,2,5,S46/B25,0.6837,0,0,6,0.2411,82114,91728,0.28202,False,92160,22220
4,6,3,4,S46/B34,0.6364,0,0,6,0.24116,80535,90016,0.19302,False,92160,22225
2,2,2,2,S22/B22,0.2727,-1,-3,6,0.24286,86107,92280,0.23032,True,92160,22382
6,6,2,5,S66/B25,0.4543,0,0,6,0.24375,85543,92104,0.17115,False,92160,22464
4,6,1,1,S46/B11,0.2429,1,1,6,0.24422,86021,92344,0.33816,True,92160,22507
6,8,2,5,S68/B25,0.462,0,0,6,0.24681,85844,92232,0.17589,False,92160,22746
4,6,2,2,S46/B22,0.262,1,-1,6,0.24945,87917,92344,0.22105,True,92160,22989
4,6,4,5,S46/B45,0.3271,0,0,6,0.24985,80971,91296,0.24447,False,92160,23026
4,7,1,1,S47/B11,0.2536,-1,-1,6,0.25039,87020,92344,0.34662,True,92160,23076
4,6,4,7,S46/B47,0.0874,-1,0,6,0.25195,74120,81464,0.19157,True,92160,23220
4,7,2,2,S47/B22,0.2462,0,0,6,0.25208,88141,92344,0.22943,False,92160,23232
5,7,3,5,S57/B35,0.373,0,0,6,0.25227,86062,92344,0.2402,False,92160,23249
1,1,1,4,S11/B14,0.4227,0,0,6,0.25281,84976,92200,0.20055,False,92160,23299
0,1,1,4,S01/B14,0.4233,0,0,6,0.25302,84988,92208,0.20308,False,92160,23318
1,1,3,5,S11/B35,0.2952,0,0,6,0.25439,86488,92344,0.25463,False,92160,23445
3,3,2,2,S33/B22,0.2717,-2,3,6,0.25495,89320,92344,0.2594,True,92160,23496
1,2,3,4,S12/B34,0.2766,-1,-1,6,0.25879,86174,92344,0.26053,True,92160,23850
0,0,1,4,S00/B14,0.4246,0,0,6,0.25951,84977,92096,0.20262,False,92160,23916
0,0,1,2,S00/B12,0.2923,1,1,6,0.26062,86460,92296,0.40366,True,92160,24019
0,2,2,2,S02/B22,0.2898,-2,0,6,0.26081,88091,92344,0.30747,True,92160,24036
1,2,2,2,S12/B22,0.294,0,2,6,0.26093,88190,92344,0.29718,True,92160,24047
5,8,1,4,S58/B14,0.7357,0,0,6,0.2634,84552,91760,0.20735,False,92160,24275
1,1,1,2,S11/B12,0.3003,0,-1,6,0.26505,86471,92304,0.41002,True,92160,24427
4,6,1,3,S46/B13,0.5923,0,0,6,0.26513,84553,91800,0.21631,False,92160,24434
0,1,1,2,S01/B12,0.3032,-3,2,6,0.26702,86967,92328,0.42792,True,92160,24609
1,4,4,4,S14/B44,0.4329,0,0,6,0.26789,87750,92344,0.23001,False,92160,24689
2,2,3,5,S22/B35,0.2717,0,0,6,0.27661,87771,91984,0.27137,False,92160,25492
6,6,1,2,S66/B12,0.3175,1,0,6,0.27751,89895,92344,0.39321,True,92160,25575
6,7,1,2,S67/B12,0.3106,-1,-1,6,0.27771,89415,92344,0.38086,True,92160,25594
0,0,2,3,S00/B23,0.3189,-3,-3,6,0.28061,91818,92344,0.3408,True,92160,25861
6,8,1,2,S68/B12,0.3201,-3,3,6,0.28132,89889,92344,0.39695,True,92160,25926
2,2,1,2,S22/B12,0.3173,1,-3,6,0.28409,90300,92344,0.44335,True,92160,26182
4,7,4,7,S47/B47,0.6706,0,0,6,0.28487,86566,92344,0.41477,False,92160,26254
0,2,1,2,S02/B12,0.3244,-1,-2,6,0.28496,89517,92344,0.44663,True,92160,26262
1,1,2,3,S11/B23,0.3228,1,-1,6,0.28503,91651,92344,0.36584,True,92160,26268
1,2,1,2,S12/B12,0.3322,1,2,6,0.28564,89880,92344,0.45037,True,92160,26325
3,4,2,2,S34/B22,0.3157,2,2,6,0.28567,93513,92344,0.33973,True,92160,26327
6,6,2,3,S66/B23,0.3198,1,-3,6,0.28628,92535,92344,0.33281,True,92160,26384
1,3,3,3,S13/B33,0.3183,0,-1,6,0.28633,91603,92344,0.2971,True,92160,26388
3,3,3,5,S33/B35,0.2992,1,0,6,0.28701,89632,92344,0.2858,True,92160,26451
6,8,2,3,S68/B23,0.3259,0,0,6,0.28749,92803,92344,0.33978,False,92160,26495
0,1,2,3,S01/B23,0.3216,2,0,6,0.2876,92236,92344,0.39056,True,92160,26505
6,7,2,3,S67/B23,0.3227,1,0,6,0.28786,93199,92344,0.34293,True,92160,26529
1,4,4,6,S14/B46,0.3675,0,0,6,0.29009,90197,92344,0.30869,False,92160,26735
0,1,3,5,S01/B35,0.3806,0,0,6,0.29301,93447,92344,0.33103,False,92160,27004
4,7,1,2,S47/B12,0.4857,0,0,6,0.2943,91225,92344,0.31279,False,92160,27123
0,3,3,3,S03/B33,0.3394,0,0,6,0.29446,93005,92344,0.32072,False,92160,27137
0,2,3,4,S02/B34,0.3383,-1,-1,6,0.29491,93010,92344,0.35631,True,92160,27179
3,3,1,2,S33/B12,0.3454,-1,1,6,0.29492,92483,92344,0.42549,True,92160,27180
2,3,2,2,S23/B22,0.3445,0,0,6,0.29505,93806,92344,0.37256,False,92160,27192
1,4,4,5,S14/B45,0.378,0,0,6,0.2951,91229,92344,0.3076,False,92160,27196
5,5,1,2,S55/B12,0.3459,-1,-1,6,0.29527,93144,92344,0.40786,True,92160,27212
2,2,2,3,S22/B23,0.3392,-3,-1,6,0.29654,92223,92344,0.38415,True,92160,27329
0,2,2,5,S02/B25,0.4543,0,0,6,0.29766,92268,92344,0.29084,False,92160,27432
0,0,2,4,S00/B24,0.3674,0,0,6,0.29851,93968,92344,0.34004,False,92160,27511
5,7,2,5,S57/B25,0.6663,0,0,6,0.29936,93370,92344,0.34974,False,92160,27589
5,6,1,2,S56/B12,0.3453,-2,-1,6,0.2997,93562,92344,0.42546,True,92160,27620
5,5,2,3,S55/B23,0.349,3,1,6,0.2998,94544,92344,0.37116,True,92160,27630
1,2,2,5,S12/B25,0.4485,0,0,6,0.3008,93044,92344,0.28986,False,92160,27722
1,2,2,3,S12/B23,0.3594,-1,0,6,0.30118,92560,92344,0.40449,True,92160,27757
3,6,4,7,S36/B47,0.5363,0,0,6,0.30137,89291,92344,0.35492,False,92160,27774
5,7,1,2,S57/B12,0.3435,2,-2,6,0.30165,93736,92344,0.42135,True,92160,27800
0,1,1,3,S01/B13,0.3688,1,0,6,0.3017,92610,92344,0.40899,True,92160,27805
3,5,2,4,S35/B24,0.5614,0,0,6,0.3018,92712,92344,0.31819,False,92160,27814
0,0,1,3,S00/B13,0.3602,0,1,6,0.30192,92363,92344,0.3902,True,92160,27825
1,1,2,4,S11/B24,0.378,0,0,6,0.30197,94343,92344,0.36486,False,92160,27830
4,4,1,2,S44/B12,0.3558,-2,1,6,0.30204,93642,92344,0.41528,True,92160,27836
1,1,1,3,S11/B13,0.3568,-1,1,6,0.30218,92350,92344,0.39493,True,92160,27849
0,2,2,3,S02/B23,0.3579,-3,-3,6,0.30292,92620,92344,0.41638,True,92160,27917
5,8,1,2,S58/B12,0.357,1,3,6,0.30344,93979,92344,0.42167,True,92160,27965
2,2,2,5,S22/B25,0.4343,0,0,6,0.30368,93410,92344,0.28454,False,92160,27987
5,8,2,3,S58/B23,0.3564,3,0,6,0.30388,94969,92344,0.38211,True,92160,28006
2,3,3,4,S23/B34,0.3602,-2,1,6,0.30405,93400,92344,0.36556,True,92160,28021
3,5,3,4,S35/B34,0.5621,0,0,6,0.30405,92846,92344,0.32799,False,92160,28021
0,1,2,4,S01/B24,0.3753,0,0,6,0.30413,94414,92344,0.3797,False,92160,28029
5,6,2,3,S56/B23,0.3576,2,-2,6,0.30448,95406,92344,0.38357,True,92160,28061
5,7,2,3,S57/B23,0.3625,0,-1,6,0.30538,95293,92344,0.38115,True,92160,28144
1,4,4,7,S14/B47,0.3859,0,0,6,0.30581,92456,92344,0.32877,False,92160,28183
3,5,1,4,S35/B14,0.5552,0,0,6,0.30591,93103,92344,0.31593,False,92160,28193
2,3,1,2,S23/B12,0.3689,0,0,6,0.30623,93945,92344,0.42455,False,92160,28222
2,4,1,3,S24/B13,0.466,0,0,6,0.3079,93609,92344,0.29689,False,92160,28376
3,3,2,3,S33/B23,0.368,0,1,6,0.31151,95521,92344,0.42028,True,92160,28709
0,2,1,3,S02/B13,0.376,3,-3,6,0.31204,92563,92344,0.42655,True,92160,28758
6,6,2,4,S66/B24,0.3835,0,0,6,0.31239,95828,92344,0.34472,False,92160,28790
2,2,1,3,S22/B13,0.3735,0,-1,6,0.31285,92996,92344,0.42045,True,92160,28832
4,6,3,6,S46/B36,0.6314,3,-1,6,0.31363,93183,92344,0.48178,True,92160,28904
1,2,1,3,S12/B13,0.3846,2,0,6,0.31382,92995,92344,0.42944,True,92160,28922
4,6,2,3,S46/B23,0.5128,0,0,6,0.31436,94669,92344,0.34481,False,92160,28971
6,8,2,4,S68/B24,0.3911,0,0,6,0.31485,96162,92344,0.35232,False,92160,29017
4,5,1,2,S45/B12,0.3742,2,0,6,0.31522,95850,92344,0.43359,True,92160,29051
6,7,2,4,S67/B24,0.3936,0,0,6,0.31542,96095,92344,0.35608,False,92160,29069
4,4,2,3,S44/B23,0.3813,1,-1,6,0.3159,96210,92344,0.42179,True,92160,29113
2,3,2,3,S23/B23,0.3829,-2,-3,6,0.31725,95348,92344,0.43585,True,92160,29238
6,6,1,3,S66/B13,0.4011,1,0,6,0.31761,94767,92344,0.37997,True,92160,29271
6,7,1,3,S67/B13,0.3895,3,-2,6,0.31845,94861,92344,0.38624,True,92160,29348
0,3,2,3,S03/B23,0.3852,-1,0,6,0.3188,94851,92344,0.43206,True,92160,29381
3,3,1,3,S33/B13,0.4062,1,0,6,0.31887,94671,92344,0.38569,True,92160,29387
1,3,2,3,S13/B23,0.3866,-3,1,6,0.319,94792,92344,0.4351,True,92160,29399
3,4,1,2,S34/B12,0.3875,-3,-3,6,0.31905,96423,92344,0.43635,True,92160,29404
0,3,3,4,S03/B34,0.3867,3,1,6,0.31943,95430,92344,0.41285,True,92160,29439
1,3,3,4,S13/B34,0.3869,-2,-2,6,0.31959,95444,92344,0.42066,True,92160,29453
2,2,2,4,S22/B24,0.3966,-2,-2,6,0.31982,95031,92344,0.3939,True,92160,29475
1,2,3,5,S12/B35,0.3931,0,-3,6,0.32042,96311,92344,0.40631,True,92160,29530
1,2,2,4,S12/B24,0.3955,1,3,6,0.32088,94893,92344,0.39994,True,92160,29572
6,8,1,3,S68/B13,0.4093,-3,1,6,0.3216,95651,92344,0.38081,True,92160,29639
2,3,1,3,S23/B13,0.4083,-2,2,6,0.32168,94389,92344,0.39877,True,92160,29646
0,2,2,4,S02/B24,0.4099,-3,-3,6,0.32174,95017,92344,0.40853,True,92160,29652
0,2,3,5,S02/B35,0.3931,-2,2,6,0.32198,96300,92344,0.41164,True,92160,29674
3,3,1,4,S33/B14,0.4411,0,0,6,0.32246,95022,92344,0.33444,False,92160,29718
1,3,1,3,S13/B13,0.4089,-3,-1,6,0.32257,94410,92344,0.41225,True,92160,29728
2,2,3,6,S22/B36,0.4283,0,0,6,0.32263,96921,92344,0.34426,False,92160,29734
3,6,3,6,S36/B36,0.6062,2,2,6,0.32342,92368,92344,0.43672,True,92160,29806
4,4,1,3,S44/B13,0.4087,-1,-1,6,0.32377,96033,92344,0.38652,True,92160,29839
0,3,1,3,S03/B13,0.4035,2,3,6,0.32504,94207,92344,0.41404,True,92160,29956
6,6,1,4,S66/B14,0.4503,0,0,6,0.32509,96471,92344,0.33645,False,92160,29960
4,4,1,4,S44/B14,0.4634,0,0,6,0.32664,95801,92344,0.33045,False,92160,30103
3,3,2,4,S33/B24,0.4077,3,-1,6,0.32669,96294,92344,0.40953,True,92160,30108
0,3,1,4,S03/B14,0.4352,0,0,6,0.32674,94330,92344,0.34958,False,92160,30112
3,6,4,6,S36/B46,0.5899,0,0,6,0.32675,93692,92344,0.41634,False,92160,30113
2,3,3,5,S23/B35,0.4192,2,2,6,0.32805,96541,92344,0.42011,True,92160,30233
4,4,3,5,S44/B35,0.4195,0,-2,6,0.32831,96802,92344,0.38542,True,92160,30257
1,2,3,6,S12/B36,0.4415,0,0,6,0.32935,97607,92344,0.3763,False,92160,30353
1,3,2,4,S13/B24,0.4261,-3,-3,6,0.32938,95133,92344,0.41286,True,92160,30356
2,3,2,4,S23/B24,0.4162,2,2,6,0.32945,95415,92344,0.41385,True,92160,30362
2,3,1,4,S23/B14,0.4408,-1,1,6,0.32986,94530,92344,0.35127,True,92160,30400
0,3,2,4,S03/B24,0.4323,2,1,6,0.32999,95014,92344,0.40178,True,92160,30412
4,5,2,3,S45/B23,0.4201,1,3,6,0.3304,97633,92344,0.44281,True,92160,30450
2,5,4,7,S25/B47,0.5282,0,0,6,0.33065,94373,92344,0.39246,False,92160,30473
2,5,4,6,S25/B46,0.5205,0,0,6,0.33112,94688,92344,0.3928,False,92160,30516
5,5,1,3,S55/B13,0.4286,1,0,6,0.33116,97077,92344,0.38431,True,92160,30520
1,3,3,5,S13/B35,0.4234,2,1,6,0.33136,96452,92344,0.43657,True,92160,30538
3,3,3,6,S33/B36,0.4408,0,0,6,0.33138,97591,92344,0.37295,False,92160,30540
1,3,1,4,S13/B14,0.453,0,0,6,0.33176,94895,92344,0.3488,False,92160,30575
0,3,3,5,S03/B35,0.4387,-2,-3,6,0.33178,96480,92344,0.43323,True,92160,30577
0,2,3,6,S02/B36,0.4431,0,0,6,0.33196,97671,92344,0.37729,False,92160,30593
5,5,2,4,S55/B24,0.4357,2,0,6,0.33228,97879,92344,0.39439,True,92160,30623
4,5,3,4,S45/B34,0.3946,0,0,6,0.33236,97030,92344,0.41947,False,92160,30630
3,4,1,4,S34/B14,0.4828,-1,0,6,0.33304,96156,92344,0.33701,True,92160,30693
4,6,1,2,S46/B12,0.4385,0,0,6,0.33304,97860,92344,0.41706,False,92160,30693
5,7,1,4,S57/B14,0.5608,0,3,6,0.33331,97634,92344,0.42889,True,92160,30718
3,4,3,4,S34/B34,0.4286,0,1,6,0.33377,97607,92344,0.4416,True,92160,30760
3,4,2,3,S34/B23,0.4345,-1,-2,6,0.33396,98086,92344,0.43978,True,92160,30778
6,8,1,4,S68/B14,0.4527,-1,0,6,0.3343,97504,92344,0.37521,True,92160,30809
5,5,1,4,S55/B14,0.4764,-1,0,6,0.33493,97640,92344,0.37606,True,92160,30867
3,4,1,3,S34/B13,0.4509,0,1,6,0.33494,97531,92344,0.39612,True,92160,30868
2,4,1,4,S24/B14,0.4842,0,0,6,0.33518,95332,92344,0.34384,False,92160,30890
5,6,1,3,S56/B13,0.447,1,0,6,0.33525,97778,92344,0.43,True,92160,30897
4,5,2,5,S45/B25,0.5553,1,-2,6,0.33534,97249,92344,0.44405,True,92160,30905
1,4,1,4,S14/B14,0.4814,1,0,6,0.33535,94714,92344,0.33814,True,92160,30906
5,5,2,5,S55/B25,0.4947,0,0,6,0.33538,98136,92344,0.36139,False,92160,30909
3,3,2,5,S33/B25,0.4601,0,-2,6,0.33555,97071,92344,0.36971,True,92160,30924
5,8,2,4,S58/B24,0.4907,0,-1,6,0.33573,97686,92344,0.41556,True,92160,30941
3,5,2,5,S35/B25,0.5515,3,0,6,0.33586,95243,92344,0.41052,True,92160,30953
2,5,2,5,S25/B25,0.5536,1,-2,6,0.33589,94720,92344,0.39652,True,92160,30956
0,3,2,5,S03/B25,0.4638,0,0,6,0.33593,95847,92344,0.38306,False,92160,30959
2,4,3,4,S24/B34,0.4531,0,2,6,0.33593,97252,92344,0.43888,True,92160,30959
1,4,3,4,S14/B34,0.4497,1,2,6,0.3363,97080,92344,0.41758,True,92160,30993
1,3,2,5,S13/B25,0.4627,2,-2,6,0.33634,95887,92344,0.38889,True,92160,30997
2,4,2,4,S24/B24,0.4613,2,3,6,0.33636,96499,92344,0.40754,True,92160,30999
4,4,3,6,S44/B36,0.4852,0,0,6,0.33637,98105,92344,0.37033,False,92160,31000
2,3,2,5,S23/B25,0.4553,3,-1,6,0.33661,95788,92344,0.39566,True,92160,31022
6,7,1,4,S67/B14,0.4589,2,0,6,0.33665,97340,92344,0.37365,True,92160,31026
4,4,2,4,S44/B24,0.4538,1,-1,6,0.33677,98188,92344,0.41768,True,92160,31037
2,3,3,6,S23/B36,0.4472,1,0,6,0.33694,96995,92344,0.40821,True,92160,31052
5,6,2,5,S56/B25,0.5477,0,0,6,0.33729,98553,92344,0.4389,False,92160,31085
1,3,3,6,S13/B36,0.4475,3,2,6,0.33733,97413,92344,0.42638,True,92160,31088
0,3,3,6,S03/B36,0.46,-2,3,6,0.33733,97063,92344,0.4121,True,92160,31088
3,4,2,5,S34/B25,0.4828,0,-1,6,0.33746,96099,92344,0.39596,True,92160,31100
3,4,2,4,S34/B24,0.4686,0,-2,6,0.33753,97332,92344,0.41624,True,92160,31107
5,6,2,4,S56/B24,0.4679,3,-3,6,0.3377,98302,92344,0.42141,True,92160,31122
1,4,2,4,S14/B24,0.46,2,2,6,0.33826,96349,92344,0.40655,True,92160,31174
3,5,3,6,S35/B36,0.547,2,3,6,0.33837,95521,92344,0.42872,True,92160,31184
2,4,3,5,S24/B35,0.4706,-1,0,6,0.33857,96462,92344,0.42685,True,92160,31203
4,5,3,6,S45/B36,0.5327,-3,1,6,0.33859,97123,92344,0.43308,True,92160,31204
2,5,4,5,S25/B45,0.5175,0,0,6,0.33893,97246,92344,0.4223,False,92160,31236
4,5,1,3,S45/B13,0.4688,-2,0,6,0.33903,98176,92344,0.43324,True,92160,31245
3,4,3,5,S34/B35,0.4634,3,0,6,0.33924,97198,92344,0.44097,True,92160,31264
2,4,2,5,S24/B25,0.4924,1,3,6,0.33931,95224,92344,0.40553,True,92160,31271
5,7,2,4,S57/B24,0.4655,2,2,6,0.3395,98599,92344,0.42732,True,92160,31288
1,4,2,5,S14/B25,0.4902,-1,-3,6,0.33957,95495,92344,0.4057,True,92160,31295
1,4,3,5,S14/B35,0.4689,-2,3,6,0.33959,96631,92344,0.42547,True,92160,31297
4,5,3,5,S45/B35,0.5214,0,-1,6,0.33961,97992,92344,0.4605,True,92160,31298
2,4,3,6,S24/B36,0.4964,-2,1,6,0.34002,96882,92344,0.42332,True,92160,31336
2,5,3,5,S25/B35,0.523,-2,2,6,0.34012,95859,92344,0.42524,True,92160,31345
5,7,1,3,S57/B13,0.4778,-3,-2,6,0.34019,98221,92344,0.4352,True,92160,31352
3,5,3,5,S35/B35,0.521,3,-2,6,0.34019,96709,92344,0.43961,True,92160,31352
5,6,1,4,S56/B14,0.511,0,1,6,0.3402,98435,92344,0.44865,True,92160,31353
4,4,2,5,S44/B25,0.4859,0,0,6,0.34032,97918,92344,0.39001,False,92160,31364
4,5,1,4,S45/B14,0.5251,3,0,6,0.34061,98330,92344,0.44343,True,92160,31391
2,5,3,6,S25/B36,0.5391,0,0,6,0.3407,95590,92344,0.42814,False,92160,31399
3,4,3,6,S34/B36,0.489,0,3,6,0.34073,96984,92344,0.42234,True,92160,31402
5,8,1,3,S58/B13,0.4843,0,2,6,0.341,98026,92344,0.42993,True,92160,31427
1,4,3,6,S14/B36,0.4883,1,-2,6,0.34124,96787,92344,0.4185,True,92160,31449
4,5,2,4,S45/B24,0.5174,3,-3,6,0.34135,98654,92344,0.44915,True,92160,31459
