survive_lo,survive_hi,birth_lo,birth_hi,rule_name,end_density,best_shift_0,best_shift_1,best_period,defect_rate,run_length_bits,lz4_bits,template_bits,mdl_bits,nll_bits,nml_complexity,nml_bits,rule_error,has_nonzero_shift,total_sites,defect_sites
2,6,8,8,S26/B88,0.4655,0,0,1,0.00272,2748,3504,2304,8878.9,1205.0,6130.9,7335.9,0.0013,False,92160,251
1,5,8,8,S15/B88,0.424,0,0,1,0.0024,1258,2728,2304,7388.9,1482.8,6130.9,7613.7,0.0,False,92160,221
1,5,1,1,S15/B11,0.4488,0,0,1,0.00326,2556,3448,2304,8686.9,1815.5,6130.9,7946.4,0.0,False,92160,300
2,6,2,2,S26/B22,0.5547,0,0,1,0.00457,3814,4512,2304,9944.9,2245.7,6130.9,8376.6,0.0,False,92160,421
2,6,7,7,S26/B77,0.4695,0,0,1,0.00646,6754,5320,2304,12884.9,2271.9,6130.9,8402.7,0.00738,False,92160,595
2,6,1,1,S26/B11,0.5173,0,0,1,0.00698,6962,5128,2304,13092.9,2307.2,6130.9,8438.1,0.00781,False,92160,643
1,5,7,7,S15/B77,0.4165,0,0,1,0.00439,3384,4032,2304,9514.9,2345.7,6130.9,8476.6,0.00043,False,92160,405
1,5,7,8,S15/B78,0.4181,0,0,1,0.00521,4346,4104,2304,10476.9,2490.0,6130.9,8620.9,0.00347,False,92160,480
2,6,1,2,S26/B12,0.5619,0,0,1,0.00638,5820,4656,2304,11950.9,2576.3,6130.9,8707.1,0.00087,False,92160,588
1,5,2,2,S15/B22,0.4983,0,0,1,0.00431,2390,4312,2304,8520.9,2576.5,6130.9,8707.4,0.0,False,92160,397
1,5,1,2,S15/B12,0.5022,0,0,1,0.00474,2584,4544,2304,8714.9,2830.9,6130.9,8961.7,0.0,False,92160,437
2,6,7,8,S26/B78,0.4516,0,0,1,0.00845,7794,6200,2304,13924.9,2943.5,6130.9,9074.4,0.00955,False,92160,779
2,6,3,3,S26/B33,0.6007,0,0,1,0.00501,2500,4240,2304,8630.9,2947.1,6130.9,9078.0,0.0,False,92160,462
0,4,8,8,S04/B88,0.3121,0,0,1,0.00519,1770,2912,2304,7900.9,3224.8,6130.9,9355.7,0.0,False,92160,478
2,6,2,3,S26/B23,0.6055,0,0,1,0.00592,3516,4656,2304,9646.9,3388.2,6130.9,9519.1,0.0,False,92160,546
2,5,8,8,S25/B88,0.3607,0,0,1,0.00643,3584,6128,2304,9714.9,3398.0,6130.9,9528.8,0.0,False,92160,593
0,4,7,7,S04/B77,0.3155,0,0,1,0.00586,2090,3472,2304,8220.9,3610.5,6130.9,9741.3,0.0,False,92160,540
0,4,7,8,S04/B78,0.3181,0,0,1,0.00592,2092,3472,2304,8222.9,3651.0,6130.9,9781.8,0.0,False,92160,546
2,6,1,3,S26/B13,0.605,0,0,1,0.00656,3864,5176,2304,9994.9,3721.9,6130.9,9852.8,0.0,False,92160,605
1,4,8,8,S14/B88,0.2921,0,0,1,0.00615,2330,3808,2304,8460.9,3737.6,6130.9,9868.5,0.0,False,92160,567
1,4,7,7,S14/B77,0.2969,0,0,1,0.00677,2544,4136,2304,8674.9,4089.3,6130.9,10220.1,0.0,False,92160,624
1,4,7,8,S14/B78,0.3008,0,0,1,0.00677,2528,4128,2304,8658.9,4095.4,6130.9,10226.2,0.0,False,92160,624
2,5,7,7,S25/B77,0.3562,0,0,1,0.00833,5352,6976,2304,11482.9,4202.4,6130.9,10333.3,0.00043,False,92160,768
0,4,1,1,S04/B11,0.398,0,0,1,0.00714,3518,5688,2304,9648.9,4242.9,6130.9,10373.8,0.0,False,92160,658
2,5,7,8,S25/B78,0.3565,0,0,1,0.00921,6300,7000,2304,12430.9,4383.3,6130.9,10514.1,0.00347,False,92160,849
3,7,7,7,S37/B77,0.3789,0,0,1,0.00956,5527,7616,2304,11657.9,4594.5,6130.9,10725.4,0.0,False,92160,881
3,7,8,8,S37/B88,0.3484,0,0,1,0.01152,7625,8776,2304,13755.9,4979.3,6130.9,11110.2,0.00217,False,92160,1062
1,4,1,1,S14/B11,0.4019,0,0,1,0.0097,6110,6800,2304,12240.9,5139.8,6130.9,11270.7,0.0,False,92160,894
3,7,7,8,S37/B78,0.3792,0,0,1,0.01248,9307,8536,2304,15437.9,5145.7,6130.9,11276.6,0.00608,False,92160,1150
0,3,8,8,S03/B88,0.1745,0,0,1,0.00863,2248,2936,2304,8378.9,5363.4,6130.9,11494.3,0.0,False,92160,795
1,5,3,3,S15/B33,0.553,0,0,1,0.00992,4902,7376,2304,11032.9,5460.4,6130.9,11591.3,0.0,False,92160,914
0,3,7,7,S03/B77,0.1879,0,0,1,0.00897,2264,2976,2304,8394.9,5579.3,6130.9,11710.2,0.0,False,92160,827
3,7,6,6,S37/B66,0.4769,0,0,1,0.01128,5911,7768,2304,12041.9,5589.5,6130.9,11720.4,0.0013,False,92160,1040
0,3,7,8,S03/B78,0.1905,0,0,1,0.00904,2258,2976,2304,8388.9,5619.8,6130.9,11750.6,0.0,False,92160,833
7,8,2,6,S78/B26,0.491,0,0,2,0.0039,2680,4848,4608,12637.7,1937.2,9957.7,11894.9,0.0,False,92160,359
7,7,2,6,S77/B26,0.4905,0,0,2,0.00404,2796,4984,4608,12753.7,1993.4,9957.7,11951.1,0.0,False,92160,372
2,5,2,2,S25/B22,0.5152,0,0,1,0.0133,8868,9184,2304,14998.9,5933.9,6130.9,12064.8,0.00087,False,92160,1226
8,8,2,6,S88/B26,0.4923,0,0,2,0.00423,2736,4784,4608,12693.7,2136.7,9957.7,12094.5,0.0,False,92160,390
2,5,1,1,S25/B11,0.4674,0,0,1,0.01551,10806,11688,2304,16936.9,6042.2,6130.9,12173.0,0.00825,False,92160,1429
6,6,3,7,S66/B37,0.4997,0,0,2,0.00435,2370,4200,4608,12327.7,2269.9,9957.7,12227.6,0.0,False,92160,401
3,7,2,4,S37/B24,0.7157,0,0,1,0.0103,4032,4752,2304,10162.9,6109.8,6130.9,12240.6,0.0,False,92160,949
0,0,2,6,S00/B26,0.4924,0,0,2,0.00454,2940,5104,4608,12897.7,2283.0,9957.7,12240.7,0.0,False,92160,418
3,7,1,3,S37/B13,0.6607,0,0,1,0.01267,7738,6784,2304,13868.9,6139.3,6130.9,12270.2,0.00217,False,92160,1168
3,7,2,3,S37/B23,0.654,0,0,1,0.01268,7600,7176,2304,13730.9,6150.8,6130.9,12281.7,0.00217,False,92160,1169
6,7,3,7,S67/B37,0.4997,0,0,2,0.00471,2594,4520,4608,12551.7,2440.3,9957.7,12398.0,0.0,False,92160,434
2,5,1,2,S25/B12,0.5131,0,0,1,0.01681,13272,8640,2304,19402.9,6287.3,6130.9,12418.2,0.00174,False,92160,1549
6,8,3,7,S68/B37,0.4997,0,0,2,0.00488,2708,4712,4608,12665.7,2511.1,9957.7,12468.9,0.0,False,92160,450
3,7,1,4,S37/B14,0.7196,0,0,1,0.01073,4154,5032,2304,10284.9,6365.2,6130.9,12496.1,0.0,False,92160,989
3,7,3,4,S37/B34,0.7157,0,0,1,0.01109,4688,5752,2304,10818.9,6380.4,6130.9,12511.3,0.0,False,92160,1022
0,3,6,6,S03/B66,0.2148,0,0,1,0.01071,2756,3968,2304,8886.9,6600.9,6130.9,12731.8,0.0,False,92160,987
7,8,3,7,S78/B37,0.4983,0,0,2,0.00548,3074,5360,4608,13031.7,2808.7,9957.7,12766.5,0.0,False,92160,505
0,4,6,6,S04/B66,0.3147,0,0,1,0.0142,9412,7256,2304,15542.9,6648.0,6130.9,12778.9,0.00521,False,92160,1309
7,7,3,7,S77/B37,0.4986,0,0,2,0.00554,3082,5304,4608,13039.7,2868.0,9957.7,12825.7,0.0,False,92160,511
0,4,6,7,S04/B67,0.3175,0,0,1,0.01338,7228,6216,2304,13358.9,6738.5,6130.9,12869.4,0.00564,False,92160,1233
1,3,8,8,S13/B88,0.1194,0,0,1,0.01128,3370,4600,2304,9500.9,6769.8,6130.9,12900.7,0.0,False,92160,1040
1,3,7,7,S13/B77,0.1363,0,0,1,0.01127,3334,4600,2304,9464.9,6794.9,6130.9,12925.7,0.0,False,92160,1039
1,3,7,8,S13/B78,0.1389,0,0,1,0.01127,3332,4592,2304,9462.9,6801.0,6130.9,12931.8,0.0,False,92160,1039
0,2,8,8,S02/B88,0.0738,0,0,1,0.01114,2483,2936,2304,8613.9,6928.6,6130.9,13059.5,0.0,False,92160,1027
0,3,6,7,S03/B67,0.2257,0,0,1,0.01131,2820,4096,2304,8950.9,6952.8,6130.9,13083.7,0.0,False,92160,1042
0,3,6,8,S03/B68,0.2283,0,0,1,0.01137,2810,4096,2304,8940.9,6993.3,6130.9,13124.2,0.0,False,92160,1048
0,4,6,8,S04/B68,0.3206,0,0,1,0.01476,7922,6624,2304,14052.9,7057.9,6130.9,13188.8,0.00781,False,92160,1360
0,2,7,7,S02/B77,0.0877,0,0,1,0.01149,2465,2936,2304,8595.9,7144.5,6130.9,13275.3,0.0,False,92160,1059
1,4,6,6,S14/B66,0.2947,0,0,1,0.01497,9396,7840,2304,15526.9,7149.3,6130.9,13280.2,0.00434,False,92160,1380
0,2,7,8,S02/B78,0.0903,0,0,1,0.01156,2459,2936,2304,8589.9,7185.0,6130.9,13315.8,0.0,False,92160,1065
1,4,6,7,S14/B67,0.2984,0,0,1,0.01418,7152,6960,2304,13282.9,7233.5,6130.9,13364.3,0.00477,False,92160,1307
8,8,3,7,S88/B37,0.4999,0,0,2,0.0069,3738,6120,4608,13695.7,3516.3,9957.7,13474.0,0.0,False,92160,636
0,4,2,2,S04/B22,0.4666,0,0,1,0.01361,6002,8744,2304,12132.9,7359.9,6130.9,13490.8,0.0,False,92160,1254
2,5,3,3,S25/B33,0.5595,0,0,1,0.01414,6620,9792,2304,12750.9,7366.8,6130.9,13497.7,0.0,False,92160,1303
1,4,6,8,S14/B68,0.3002,0,0,1,0.01456,7238,7160,2304,13368.9,7404.4,6130.9,13535.2,0.00477,False,92160,1342
3,6,2,3,S36/B23,0.6262,0,0,1,0.01502,8026,9000,2304,14156.9,7490.8,6130.9,13621.7,0.00217,False,92160,1384
1,5,2,3,S15/B23,0.5541,0,0,1,0.01455,7404,9384,2304,13534.9,7497.7,6130.9,13628.6,0.0,False,92160,1341
1,3,6,6,S13/B66,0.174,0,0,1,0.01258,3610,5200,2304,9740.9,7554.8,6130.9,13685.7,0.0,False,92160,1159
3,7,3,3,S37/B33,0.6519,0,0,1,0.01608,8644,10584,2304,14774.9,7628.4,6130.9,13759.2,0.0013,False,92160,1482
0,0,3,7,S00/B37,0.5003,0,0,2,0.00754,4068,6656,4608,14025.7,3836.0,9957.7,13793.7,0.0,False,92160,695
2,6,4,4,S26/B44,0.6471,0,0,1,0.01578,6882,9720,2304,13012.9,7771.9,6130.9,13902.8,0.0,False,92160,1454
1,3,6,7,S13/B67,0.1853,0,0,1,0.013,3684,5288,2304,9814.9,7809.4,6130.9,13940.3,0.0,False,92160,1198
1,3,6,8,S13/B68,0.1871,0,0,1,0.01304,3684,5336,2304,9814.9,7838.5,6130.9,13969.3,0.0,False,92160,1202
3,6,1,3,S36/B13,0.6247,0,0,1,0.01653,9858,9728,2304,15988.9,7925.0,6130.9,14055.9,0.00304,False,92160,1523
0,2,6,6,S02/B66,0.1293,0,0,1,0.01277,2573,3264,2304,8703.9,7930.4,6130.9,14061.2,0.0,False,92160,1177
0,1,7,7,S01/B77,0.0317,0,0,1,0.01289,2581,2936,2304,8711.9,8014.8,6130.9,14145.6,0.0,False,92160,1188
0,1,7,8,S01/B78,0.0343,0,0,1,0.01296,2575,2936,2304,8705.9,8055.2,6130.9,14186.1,0.0,False,92160,1194
1,1,2,6,S11/B26,0.4928,0,0,2,0.00983,7138,8688,4608,17095.7,4238.0,9957.7,14195.8,0.00175,False,92160,906
0,1,2,6,S01/B26,0.4929,0,0,2,0.00986,7146,8696,4608,17103.7,4255.2,9957.7,14212.9,0.00175,False,92160,909
1,4,2,2,S14/B22,0.4661,0,0,1,0.0151,6494,9232,2304,12624.9,8091.6,6130.9,14222.4,0.0,False,92160,1392
1,2,8,8,S12/B88,0.0252,0,0,1,0.01341,3471,4480,2304,9601.9,8128.8,6130.9,14259.6,0.0,False,92160,1236
2,4,8,8,S24/B88,0.1471,0,0,1,0.01547,6084,8288,2304,12214.9,8185.9,6130.9,14316.8,0.0,False,92160,1426
1,2,7,7,S12/B77,0.0365,0,0,1,0.01348,3519,4560,2304,9649.9,8195.7,6130.9,14326.6,0.0,False,92160,1242
0,2,6,7,S02/B67,0.1454,0,0,1,0.01321,2533,3264,2304,8663.9,8198.2,6130.9,14329.1,0.0,False,92160,1217
2,6,3,4,S26/B34,0.6523,0,0,1,0.01651,7626,9288,2304,13756.9,8226.7,6130.9,14357.6,0.00434,False,92160,1522
1,2,7,8,S12/B78,0.0365,0,0,1,0.01354,3547,4616,2304,9677.9,8236.2,6130.9,14367.1,0.0,False,92160,1248
0,2,6,8,S02/B68,0.148,0,0,1,0.01327,2519,3264,2304,8649.9,8238.7,6130.9,14369.5,0.0,False,92160,1223
0,0,7,8,S00/B78,0.0204,0,0,1,0.0133,2597,2936,2304,8727.9,8271.1,6130.9,14402.0,0.0,False,92160,1226
6,6,2,6,S66/B26,0.4913,0,0,2,0.01175,9866,8352,4608,19823.7,4477.0,9957.7,14434.8,0.00953,False,92160,1083
3,6,8,8,S36/B88,0.2649,0,0,1,0.01989,9459,11656,2304,15589.9,8316.8,6130.9,14447.7,0.00043,False,92160,1833
1,5,6,6,S15/B66,0.3947,0,0,1,0.01997,12854,12192,2304,18984.9,8318.8,6130.9,14449.6,0.00911,False,92160,1840
2,4,7,8,S24/B78,0.1597,0,0,1,0.01578,6208,8496,2304,12338.9,8378.9,6130.9,14509.8,0.0,False,92160,1454
3,7,6,7,S37/B67,0.4609,0,0,1,0.02135,13699,11256,2304,19829.9,8398.8,6130.9,14529.7,0.01519,False,92160,1968
2,4,7,7,S24/B77,0.1545,0,0,1,0.01592,6252,8640,2304,12382.9,8444.1,6130.9,14574.9,0.0,False,92160,1467
6,6,3,6,S66/B36,0.4976,0,0,2,0.00981,5518,8448,4608,15475.7,4745.5,9957.7,14703.3,0.0,False,92160,904
6,7,3,6,S67/B36,0.497,0,0,2,0.01009,5652,8760,4608,15609.7,4881.0,9957.7,14838.7,0.0,False,92160,930
1,2,6,6,S12/B66,0.0768,0,0,1,0.01428,3643,4936,2304,9773.9,8717.5,6130.9,14848.4,0.0,False,92160,1316
2,5,2,3,S25/B23,0.5583,0,0,1,0.01775,9784,10456,2304,15914.9,8724.6,6130.9,14855.5,0.0,False,92160,1636
0,1,6,6,S01/B66,0.0712,0,0,1,0.01411,2729,3360,2304,8859.9,8766.3,6130.9,14897.2,0.0,False,92160,1300
1,2,6,7,S12/B67,0.0907,0,0,1,0.01452,3665,4984,2304,9795.9,8880.2,6130.9,15011.0,0.0,False,92160,1338
1,2,6,8,S12/B68,0.0907,0,0,1,0.01458,3685,5016,2304,9815.9,8920.7,6130.9,15051.5,0.0,False,92160,1344
0,0,6,6,S00/B66,0.0425,0,0,1,0.01441,3067,3736,2304,9197.9,8959.3,6130.9,15090.1,0.0,False,92160,1328
6,7,2,6,S67/B26,0.4898,0,0,2,0.01432,11980,9832,4608,21937.7,5136.7,9957.7,15094.4,0.00978,False,92160,1320
0,1,6,7,S01/B67,0.0868,0,0,1,0.01452,2703,3392,2304,8833.9,9022.7,6130.9,15153.5,0.0,False,92160,1338
6,8,3,6,S68/B36,0.4965,0,0,2,0.01105,6620,9280,4608,16577.7,5197.0,9957.7,15154.7,0.00087,False,92160,1018
6,8,2,6,S68/B26,0.4902,0,0,2,0.01445,12028,9920,4608,21985.7,5211.9,9957.7,15169.6,0.00913,False,92160,1332
0,1,6,8,S01/B68,0.0894,0,0,1,0.01458,2693,3392,2304,8823.9,9063.1,6130.9,15194.0,0.0,False,92160,1344
3,7,1,2,S37/B12,0.6106,0,0,1,0.02248,13550,13144,2304,19680.9,9199.2,6130.9,15330.0,0.00868,False,92160,2072
0,0,6,7,S00/B67,0.0512,0,0,1,0.01482,3171,3976,2304,9301.9,9215.6,6130.9,15346.5,0.0,False,92160,1366
0,2,5,5,S02/B55,0.1523,0,0,1,0.01557,4565,4648,2304,10695.9,9241.2,6130.9,15372.1,0.00174,False,92160,1435
0,0,6,8,S00/B68,0.0538,0,0,1,0.01489,3161,3976,2304,9291.9,9256.1,6130.9,15387.0,0.0,False,92160,1372
3,6,7,7,S36/B77,0.2711,0,0,1,0.02254,10955,13016,2304,17085.9,9300.0,6130.9,15430.8,0.0013,False,92160,2077
1,1,6,7,S11/B67,0.0208,0,0,1,0.01531,4067,5408,2304,10197.9,9421.1,6130.9,15552.0,0.0,False,92160,1411
1,1,6,8,S11/B68,0.0208,0,0,1,0.01538,4087,5456,2304,10217.9,9461.6,6130.9,15592.4,0.0,False,92160,1417
2,3,8,8,S23/B88,0.0204,0,0,1,0.01669,5144,6752,2304,11274.9,9493.6,6130.9,15624.5,0.0,False,92160,1538
2,3,7,7,S23/B77,0.0308,0,0,1,0.01687,5360,6976,2304,11490.9,9590.1,6130.9,15721.0,0.0,False,92160,1555
0,1,5,5,S01/B55,0.1037,0,0,1,0.01554,3087,4000,2304,9217.9,9638.5,6130.9,15769.4,0.0,False,92160,1432
2,3,7,8,S23/B78,0.0308,0,0,1,0.01699,5436,7040,2304,11566.9,9649.0,6130.9,15779.8,0.0,False,92160,1566
0,0,5,5,S00/B55,0.0473,0,0,1,0.0157,3711,4752,2304,9841.9,9758.0,6130.9,15888.9,0.0,False,92160,1447
7,7,3,6,S77/B36,0.4953,0,0,2,0.01301,7276,10864,4608,17233.7,5988.7,9957.7,15946.5,0.0,False,92160,1199
7,8,3,6,S78/B36,0.4953,0,0,2,0.01311,7270,10776,4608,17227.7,5992.7,9957.7,15950.4,0.0,False,92160,1208
1,2,5,5,S12/B55,0.1011,0,0,1,0.01694,5611,6224,2304,11741.9,9903.1,6130.9,16034.0,0.00174,False,92160,1561
3,7,4,4,S37/B44,0.7049,0,0,1,0.02211,9144,12000,2304,15274.9,9962.2,6130.9,16093.0,0.0,False,92160,2038
1,5,6,7,S15/B67,0.3733,0,0,1,0.02499,14946,12168,2304,21076.9,9982.6,6130.9,16113.5,0.01823,False,92160,2303
1,1,5,5,S11/B55,0.0365,0,0,1,0.01644,4449,6008,2304,10579.9,10061.7,6130.9,16192.6,0.0,False,92160,1515
1,5,6,8,S15/B68,0.373,0,0,1,0.02555,15282,12592,2304,21412.9,10131.8,6130.9,16262.6,0.01953,False,92160,2355
3,6,3,3,S36/B33,0.6345,0,0,1,0.02206,10404,13336,2304,16534.9,10175.8,6130.9,16306.7,0.0013,False,92160,2033
0,0,4,4,S00/B44,0.0295,0,0,1,0.01647,4307,5552,2304,10437.9,10196.3,6130.9,16327.1,0.0,False,92160,1518
3,7,6,8,S37/B68,0.4509,0,0,1,0.02938,20435,13544,2304,26565.9,10205.5,6130.9,16336.4,0.03342,False,92160,2708
3,6,3,4,S36/B34,0.6623,0,0,1,0.01923,7370,10520,2304,13500.9,10208.7,6130.9,16339.6,0.0,False,92160,1772
4,8,1,5,S48/B15,0.8142,0,0,1,0.01748,5078,5936,2304,11208.9,10234.6,6130.9,16365.5,0.00174,False,92160,1611
0,3,5,5,S03/B55,0.2073,0,0,1,0.0187,7089,7968,2304,13219.9,10264.4,6130.9,16395.3,0.00043,False,92160,1723
4,8,2,5,S48/B25,0.8129,0,0,1,0.01747,4524,6440,2304,10654.9,10412.6,6130.9,16543.4,0.0,False,92160,1610
3,6,7,8,S36/B78,0.2406,0,0,1,0.02493,11345,13384,2304,17475.9,10417.5,6130.9,16548.4,0.0013,False,92160,2298
4,8,2,6,S48/B26,0.8806,0,0,1,0.0172,4250,5800,2304,10380.9,10470.7,6130.9,16601.6,0.0,False,92160,1585
0,1,4,4,S01/B44,0.0764,0,0,1,0.01724,4369,5880,2304,10499.9,10514.8,6130.9,16645.6,0.0,False,92160,1589
3,7,3,5,S37/B35,0.7633,0,0,1,0.0204,8257,8928,2304,14387.9,10597.7,6130.9,16728.6,0.00174,False,92160,1880
8,8,3,6,S88/B36,0.495,0,0,2,0.01472,7668,11208,4608,17625.7,6802.5,9957.7,16760.2,0.0,False,92160,1357
0,1,5,6,S01/B56,0.1176,0,0,1,0.01729,3785,5168,2304,9915.9,10700.2,6130.9,16831.1,0.0,False,92160,1593
2,6,6,6,S26/B66,0.4799,0,0,1,0.02641,13558,15704,2304,19688.9,10727.2,6130.9,16858.1,0.00434,False,92160,2434
3,7,2,5,S37/B25,0.7557,0,0,1,0.02127,8495,8312,2304,14625.9,10738.2,6130.9,16869.0,0.00694,False,92160,1960
0,2,5,6,S02/B56,0.1806,0,0,1,0.01829,5417,6096,2304,11547.9,10765.5,6130.9,16896.3,0.00174,False,92160,1686
2,6,2,4,S26/B24,0.6496,0,0,1,0.02142,8934,11688,2304,15064.9,10771.0,6130.9,16901.9,0.0026,False,92160,1974
0,0,5,6,S00/B56,0.0451,0,0,1,0.01738,4329,5400,2304,10459.9,10785.4,6130.9,16916.2,0.0,False,92160,1602
3,7,1,5,S37/B15,0.7596,0,0,1,0.02038,7559,8648,2304,13689.9,10794.8,6130.9,16925.6,0.00521,False,92160,1878
0,4,1,2,S04/B12,0.4692,0,0,1,0.02471,12716,14040,2304,18846.9,10858.1,6130.9,16989.0,0.0026,False,92160,2277
1,1,4,4,S11/B44,0.0252,0,0,1,0.01809,5647,7584,2304,11777.9,10866.6,6130.9,16997.5,0.0,False,92160,1667
0,1,5,7,S01/B57,0.1276,0,0,1,0.01783,3911,5336,2304,10041.9,11013.1,6130.9,17144.0,0.0,False,92160,1643
0,1,5,8,S01/B58,0.1302,0,0,1,0.01789,3901,5336,2304,10031.9,11053.6,6130.9,17184.4,0.0,False,92160,1649
2,3,6,6,S23/B66,0.0304,0,0,1,0.01992,6386,8360,2304,12516.9,11053.7,6130.9,17184.6,0.0,False,92160,1836
0,0,5,7,S00/B57,0.0486,0,0,1,0.01791,4529,5688,2304,10659.9,11093.6,6130.9,17224.4,0.0,False,92160,1651
0,0,5,8,S00/B58,0.0512,0,0,1,0.01798,4525,5688,2304,10655.9,11134.0,6130.9,17264.9,0.0,False,92160,1657
1,3,5,5,S13/B55,0.1691,0,0,1,0.02053,7573,9208,2304,13703.9,11181.4,6130.9,17312.3,0.00043,False,92160,1892
3,6,1,2,S36/B12,0.5967,0,0,1,0.02743,15394,15192,2304,21524.9,11240.2,6130.9,17371.1,0.00825,False,92160,2528
0,0,3,6,S00/B36,0.4958,0,0,2,0.01629,8252,12016,4608,18209.7,7428.3,9957.7,17386.0,0.0,False,92160,1501
0,2,5,7,S02/B57,0.1888,0,0,1,0.01951,6337,6648,2304,12467.9,11283.0,6130.9,17413.9,0.00174,False,92160,1798
2,3,6,7,S23/B67,0.0339,0,0,1,0.02045,6614,8536,2304,12744.9,11347.4,6130.9,17478.3,0.0,False,92160,1885
0,2,5,8,S02/B58,0.1918,0,0,1,0.01997,6795,6696,2304,12925.9,11385.2,6130.9,17516.1,0.0026,False,92160,1840
1,1,5,6,S11/B56,0.0304,0,0,1,0.01885,5531,7096,2304,11661.9,11398.7,6130.9,17529.6,0.0,False,92160,1737
2,3,6,8,S23/B68,0.0339,0,0,1,0.02057,6664,8560,2304,12794.9,11406.8,6130.9,17537.7,0.0,False,92160,1896
3,7,5,5,S37/B55,0.6168,0,0,1,0.02898,12954,14120,2304,19084.9,11470.9,6130.9,17601.8,0.00087,False,92160,2671
4,8,5,8,S48/B58,0.6233,0,0,1,0.02355,9055,11624,2304,15185.9,11476.5,6130.9,17607.4,0.0,False,92160,2170
4,8,5,7,S48/B57,0.6159,0,0,1,0.02367,9185,11712,2304,15315.9,11489.3,6130.9,17620.2,0.0,False,92160,2181
1,4,1,2,S14/B12,0.4718,0,0,1,0.02493,11248,14136,2304,17378.9,11491.9,6130.9,17622.8,0.00087,False,92160,2298
2,5,1,3,S25/B13,0.5536,0,0,1,0.02696,14782,14336,2304,20912.9,11497.5,6130.9,17628.4,0.00347,False,92160,2485
1,5,1,3,S15/B13,0.5507,0,0,1,0.03166,17282,14336,2304,23412.9,11525.1,6130.9,17656.0,0.01476,False,92160,2918
2,5,6,6,S25/B66,0.3043,0,0,1,0.02713,14334,14024,2304,20464.9,11556.9,6130.9,17687.7,0.00694,False,92160,2500
2,4,6,7,S24/B67,0.1556,0,0,1,0.02308,9010,10608,2304,15140.9,11558.8,6130.9,17689.6,0.00174,False,92160,2127
4,8,3,5,S48/B35,0.8142,0,0,1,0.02026,5842,8128,2304,11972.9,11570.4,6130.9,17701.3,0.0,False,92160,1867
4,8,3,6,S48/B36,0.895,0,0,1,0.01981,5424,7304,2304,11554.9,11589.2,6130.9,17720.1,0.0,False,92160,1826
4,8,3,7,S48/B37,0.9562,0,0,1,0.01969,5562,7216,2304,11692.9,11607.4,6130.9,17738.3,0.0,False,92160,1815
0,0,3,3,S00/B33,0.0256,0,0,1,0.02289,10033,8672,2304,16163.9,11705.2,6130.9,17836.1,0.00738,False,92160,2110
1,2,5,6,S12/B56,0.1141,0,0,1,0.02053,7067,8320,2304,13197.9,11742.7,6130.9,17873.6,0.00174,False,92160,1892
1,1,5,7,S11/B57,0.0347,0,0,1,0.01954,5753,7360,2304,11883.9,11770.4,6130.9,17901.3,0.0,False,92160,1801
2,4,6,8,S24/B68,0.1539,0,0,1,0.0237,9186,10816,2304,15316.9,11799.1,6130.9,17930.0,0.00174,False,92160,2184
1,1,5,8,S11/B58,0.0347,0,0,1,0.01961,5775,7360,2304,11905.9,11810.9,6130.9,17941.8,0.0,False,92160,1807
3,6,6,6,S36/B66,0.3388,0,0,1,0.02796,13329,14456,2304,19459.9,11840.6,6130.9,17971.5,0.00608,False,92160,2577
0,2,4,4,S02/B44,0.1196,0,0,1,0.02161,8013,9096,2304,14143.9,11907.4,6130.9,18038.2,0.00217,False,92160,1992
0,3,1,1,S03/B11,0.3682,0,0,1,0.02323,9502,11896,2304,15632.9,11916.0,6130.9,18046.9,0.0,False,92160,2141
2,4,6,6,S24/B66,0.1402,0,0,1,0.02446,9706,11808,2304,15836.9,11918.2,6130.9,18049.0,0.00043,False,92160,2254
1,1,3,3,S11/B33,0.0226,0,0,1,0.02227,10001,10088,2304,16131.9,12044.6,6130.9,18175.5,0.00694,False,92160,2052
3,6,2,4,S36/B24,0.6565,0,0,1,0.02536,11616,12584,2304,17746.9,12061.4,6130.9,18192.2,0.00521,False,92160,2337
1,2,5,7,S12/B57,0.1185,0,0,1,0.02151,7325,8632,2304,13455.9,12239.6,6130.9,18370.5,0.00174,False,92160,1982
4,8,5,6,S48/B56,0.5473,0,0,1,0.02728,11237,13208,2304,17367.9,12265.6,6130.9,18396.5,0.00043,False,92160,2514
4,7,1,5,S47/B15,0.76,0,0,1,0.02194,7320,9168,2304,13450.9,12267.1,6130.9,18397.9,0.00174,False,92160,2022
1,2,5,8,S12/B58,0.1185,0,0,1,0.02157,7345,8648,2304,13475.9,12280.1,6130.9,18410.9,0.00174,False,92160,1988
4,7,2,5,S47/B25,0.7582,0,0,1,0.02195,7364,9328,2304,13494.9,12359.1,6130.9,18490.0,0.0,False,92160,2023
1,2,4,4,S12/B44,0.072,0,0,1,0.02294,8537,9512,2304,14667.9,12467.0,6130.9,18597.9,0.0026,False,92160,2114
3,7,4,5,S37/B45,0.7624,0,0,1,0.02522,9319,11640,2304,15449.9,12572.8,6130.9,18703.6,0.0,False,92160,2324
3,5,8,8,S35/B88,0.0833,0,0,1,0.02799,10379,12800,2304,16509.9,12812.6,6130.9,18943.5,0.0,False,92160,2580
2,6,6,8,S26/B68,0.4297,0,0,1,0.03515,20312,16784,2304,26442.9,12837.8,6130.9,18968.7,0.02474,False,92160,3239
4,8,1,4,S48/B14,0.7536,0,0,1,0.02641,11080,10664,2304,17210.9,13030.4,6130.9,19161.3,0.00304,False,92160,2434
0,3,5,6,S03/B56,0.2304,0,0,1,0.02565,10241,10136,2304,16371.9,13130.3,6130.9,19261.2,0.00651,False,92160,2364
2,5,6,8,S25/B68,0.2738,0,0,1,0.03061,14760,14848,2304,20890.9,13152.0,6130.9,19282.9,0.00955,False,92160,2821
2,3,5,5,S23/B55,0.0373,0,0,1,0.02466,8185,10504,2304,14315.9,13221.7,6130.9,19352.5,0.0,False,92160,2273
0,0,4,5,S00/B45,0.0343,0,0,1,0.02215,6605,8392,2304,12735.9,13249.7,6130.9,19380.6,0.0,False,92160,2041
4,7,3,5,S47/B35,0.7639,0,0,1,0.02385,7374,9944,2304,13504.9,13260.4,6130.9,19391.2,0.0,False,92160,2198
2,6,6,7,S26/B67,0.4352,0,0,1,0.03577,20176,19928,2304,26306.9,13269.9,6130.9,19400.7,0.01997,False,92160,3297
1,3,1,1,S13/B11,0.3802,0,0,1,0.02562,9370,12304,2304,15500.9,13358.0,6130.9,19488.8,0.0,False,92160,2361
2,5,6,7,S25/B67,0.2641,0,0,1,0.03073,13854,14816,2304,19984.9,13379.7,6130.9,19510.6,0.00564,False,92160,2832
3,6,1,4,S36/B14,0.6543,0,0,1,0.0287,13286,14520,2304,19416.9,13449.7,6130.9,19580.6,0.00477,False,92160,2645
2,6,1,4,S26/B14,0.6469,0,0,1,0.03282,15722,14840,2304,21852.9,13588.2,6130.9,19719.1,0.01215,False,92160,3025
0,3,5,7,S03/B57,0.2404,0,0,1,0.02669,10545,10672,2304,16675.9,13662.6,6130.9,19793.4,0.00651,False,92160,2460
0,1,3,3,S01/B33,0.0595,0,0,1,0.02727,11121,12536,2304,17251.9,13768.5,6130.9,19899.4,0.00347,False,92160,2513
3,7,2,2,S37/B22,0.5979,0,0,1,0.03786,20129,23352,2304,26259.9,13778.2,6130.9,19909.1,0.01215,False,92160,3489
0,3,5,8,S03/B58,0.2438,0,0,1,0.02746,10959,10560,2304,17089.9,13848.9,6130.9,19979.8,0.00738,False,92160,2531
1,3,5,6,S13/B56,0.1904,0,0,1,0.02791,11371,11296,2304,17501.9,14034.2,6130.9,20165.1,0.00738,False,92160,2572
0,1,4,5,S01/B45,0.1033,0,0,1,0.02406,6806,8944,2304,12936.9,14079.5,6130.9,20210.4,0.0,False,92160,2217
4,7,1,4,S47/B14,0.7257,0,0,1,0.03026,14179,11864,2304,20309.9,14129.5,6130.9,20260.4,0.00304,False,92160,2789
3,5,7,7,S35/B77,0.0651,0,0,1,0.0312,10813,13104,2304,16943.9,14233.6,6130.9,20364.5,0.0,False,92160,2875
1,1,4,5,S11/B45,0.0391,0,0,1,0.02493,7879,10136,2304,14009.9,14429.5,6130.9,20560.4,0.0,False,92160,2298
3,5,7,8,S35/B78,0.0651,0,0,1,0.03184,10981,13320,2304,17111.9,14432.4,6130.9,20563.3,0.0,False,92160,2934
1,3,5,7,S13/B57,0.2016,0,0,1,0.02897,11999,11640,2304,18129.9,14480.0,6130.9,20610.9,0.00955,False,92160,2670
4,8,2,4,S48/B24,0.7488,0,0,1,0.03065,13280,13272,2304,19410.9,14524.4,6130.9,20655.3,0.00304,False,92160,2825
1,3,5,8,S13/B58,0.2021,0,0,1,0.0298,12505,11696,2304,18635.9,14690.3,6130.9,20821.1,0.01042,False,92160,2746
4,8,5,5,S48/B55,0.2869,0,0,1,0.03877,16203,15944,2304,22333.9,15197.3,6130.9,21328.1,0.0026,False,92160,3573
4,8,6,8,S48/B68,0.1957,0,0,1,0.04001,15235,15264,2304,21365.9,15255.0,6130.9,21385.9,0.00087,False,92160,3687
4,8,6,7,S48/B67,0.1918,0,0,1,0.04068,15379,15352,2304,21509.9,15446.9,6130.9,21577.8,0.00087,False,92160,3749
2,3,5,6,S23/B56,0.053,0,0,1,0.0299,10415,12640,2304,16545.9,15497.8,6130.9,21628.7,0.00087,False,92160,2756
4,8,6,6,S48/B66,0.1597,0,0,1,0.0407,15513,15904,2304,21643.9,15734.7,6130.9,21865.6,0.00087,False,92160,3751
3,6,5,5,S36/B55,0.5078,0,0,1,0.03716,14264,18136,2304,20394.9,15736.6,6130.9,21867.5,0.0,False,92160,3425
3,6,6,7,S36/B67,0.2446,0,0,1,0.03998,17657,17376,2304,23787.9,15922.4,6130.9,22053.2,0.00998,False,92160,3685
4,7,2,4,S47/B24,0.725,0,0,1,0.03536,15934,15328,2304,22064.9,16030.8,6130.9,22161.7,0.00217,False,92160,3259
2,3,5,7,S23/B57,0.0577,0,0,1,0.03125,10845,13080,2304,16975.9,16088.2,6130.9,22219.1,0.00087,False,92160,2880
2,3,5,8,S23/B58,0.059,0,0,1,0.03129,10817,13080,2304,16947.9,16131.2,6130.9,22262.1,0.00087,False,92160,2884
2,2,4,5,S22/B45,0.0234,0,0,1,0.02916,9293,11528,2304,15423.9,16207.9,6130.9,22338.8,0.0,False,92160,2687
3,6,6,8,S36/B68,0.2181,0,0,1,0.03927,15999,17152,2304,22129.9,16327.5,6130.9,22458.4,0.00564,False,92160,3619
3,5,6,6,S35/B66,0.0848,0,0,1,0.03546,11661,13864,2304,17791.9,16469.9,6130.9,22600.8,0.00043,False,92160,3268
2,3,4,4,S23/B44,0.0339,0,0,1,0.03214,10597,13376,2304,16727.9,16527.6,6130.9,22658.5,0.0,False,92160,2962
0,0,4,6,S00/B46,0.0286,0,0,1,0.02968,9235,11488,2304,15365.9,16723.3,6130.9,22854.1,0.0,False,92160,2735
4,8,4,6,S48/B46,0.941,0,0,1,0.03483,9655,12808,2304,15785.9,16748.6,6130.9,22879.5,0.0,False,92160,3210
3,5,6,8,S35/B68,0.0729,0,0,1,0.0362,11125,13528,2304,17255.9,17053.3,6130.9,23184.1,0.0,False,92160,3336
1,2,1,5,S12/B15,0.4837,0,0,2,0.03355,15370,17000,4608,25327.7,13461.2,9957.7,23418.9,0.00384,False,92160,3092
0,2,1,5,S02/B15,0.484,0,0,2,0.03385,15446,17064,4608,25403.7,13516.0,9957.7,23473.7,0.00448,False,92160,3120
5,5,3,7,S55/B37,0.5005,0,0,2,0.03154,13506,17816,4608,23463.7,13542.8,9957.7,23500.5,0.0,False,92160,2907
3,6,2,2,S36/B22,0.5852,0,0,1,0.04923,24181,28928,2304,30311.9,17486.2,6130.9,23617.1,0.01128,False,92160,4537
3,5,6,7,S35/B67,0.059,0,0,1,0.03772,11573,14040,2304,17703.9,17545.3,6130.9,23676.2,0.0,False,92160,3476
4,8,7,8,S48/B78,0.0373,0,0,1,0.04424,14563,16168,2304,20693.9,17714.3,6130.9,23845.1,0.0,False,92160,4077
4,8,3,4,S48/B34,0.7539,0,0,1,0.0394,15858,17568,2304,21988.9,17760.2,6130.9,23891.1,0.00347,False,92160,3631
2,2,1,5,S22/B15,0.4843,0,0,2,0.03539,16513,18496,4608,26470.7,13952.5,9957.7,23910.2,0.00362,False,92160,3262
1,4,5,5,S14/B55,0.274,0,0,1,0.04186,18631,20920,2304,24761.9,17782.4,6130.9,23913.3,0.00564,False,92160,3858
2,6,5,5,S26/B55,0.6253,0,0,1,0.04537,19089,21928,2304,25219.9,17797.4,6130.9,23928.3,0.00043,False,92160,4181
3,6,4,4,S36/B44,0.6606,0,0,1,0.04816,19114,20704,2304,25244.9,17865.7,6130.9,23996.6,0.0013,False,92160,4438
3,7,1,1,S37/B11,0.5042,0,0,1,0.05931,33205,39624,2304,39335.9,17931.1,6130.9,24062.0,0.0447,False,92160,5466
4,8,7,7,S48/B77,0.0304,0,0,1,0.0452,15573,16400,2304,21703.9,17967.2,6130.9,24098.0,0.00043,False,92160,4166
2,4,1,1,S24/B11,0.431,0,0,1,0.04677,23964,24152,2304,30094.9,18278.9,6130.9,24409.8,0.01736,False,92160,4310
0,0,4,7,S00/B47,0.0286,0,0,1,0.0338,10547,13120,2304,16677.9,18453.0,6130.9,24583.8,0.0,False,92160,3115
0,4,5,5,S04/B55,0.2962,0,0,1,0.04556,21071,22672,2304,27201.9,18570.7,6130.9,24701.5,0.00911,False,92160,4199
0,0,4,8,S00/B48,0.0286,0,0,1,0.03417,10611,13152,2304,16741.9,18618.2,6130.9,24749.0,0.0,False,92160,3149
1,2,4,5,S12/B45,0.1016,0,0,1,0.03816,15747,14656,2304,21877.9,18646.5,6130.9,24777.3,0.01997,False,92160,3517
0,1,4,6,S01/B46,0.1003,0,0,1,0.03458,10302,12696,2304,16432.9,18655.1,6130.9,24786.0,0.0,False,92160,3187
1,1,4,6,S11/B46,0.0234,0,0,1,0.03461,11107,13464,2304,17237.9,18691.6,6130.9,24822.4,0.0,False,92160,3190
0,0,1,5,S00/B15,0.4759,0,0,2,0.04167,20334,24232,4608,30291.7,14955.2,9957.7,24912.9,0.00718,False,92160,3840
8,8,1,5,S88/B15,0.476,0,0,2,0.04191,20494,24488,4608,30451.7,15009.7,9957.7,24967.4,0.00714,False,92160,3862
4,7,2,6,S47/B26,0.7885,0,0,2,0.0325,11762,14968,4608,21719.7,15108.7,9957.7,25066.4,0.00087,False,92160,2995
0,1,3,7,S01/B37,0.5008,0,0,2,0.04166,24280,26408,4608,34237.7,15119.0,9957.7,25076.7,0.00454,False,92160,3839
4,7,3,4,S47/B34,0.7307,0,0,1,0.04306,17470,18880,2304,23600.9,19016.9,6130.9,25147.8,0.00217,False,92160,3968
2,4,5,5,S24/B55,0.1314,0,0,1,0.04277,16141,17120,2304,22271.9,19072.1,6130.9,25202.9,0.00347,False,92160,3942
1,1,3,7,S11/B37,0.5006,0,0,2,0.04425,25242,28024,4608,35199.7,15944.8,9957.7,25902.5,0.0041,False,92160,4078
0,2,4,5,S02/B45,0.1406,0,0,1,0.04145,15973,18752,2304,22103.9,19915.4,6130.9,26046.3,0.00911,False,92160,3820
5,8,4,8,S58/B48,0.6646,0,0,2,0.04172,15849,19128,4608,25806.7,16112.6,9957.7,26070.3,0.00042,False,92160,3845
1,1,1,5,S11/B15,0.4757,0,0,2,0.04665,22900,26360,4608,32857.7,16116.2,9957.7,26074.0,0.0091,False,92160,4299
0,1,1,5,S01/B15,0.476,0,0,2,0.04684,23004,26432,4608,32961.7,16162.1,9957.7,26119.8,0.00997,False,92160,4317
1,2,3,3,S12/B33,0.0278,0,0,1,0.04409,18029,23352,2304,24159.9,20093.0,6130.9,26223.9,0.0,False,92160,4063
0,4,5,6,S04/B56,0.2688,0,0,1,0.04535,17821,19192,2304,23951.9,20231.5,6130.9,26362.3,0.00781,False,92160,4179
5,8,4,7,S58/B47,0.6457,0,0,2,0.04204,16019,19216,4608,25976.7,16413.7,9957.7,26371.4,0.00042,False,92160,3874
1,4,5,6,S14/B56,0.2492,0,0,1,0.04475,16921,19088,2304,23051.9,20243.2,6130.9,26374.1,0.00564,False,92160,4124
2,4,2,2,S24/B22,0.476,0,0,1,0.05024,22634,22544,2304,28764.9,20502.7,6130.9,26633.6,0.00738,False,92160,4630
1,5,4,4,S15/B44,0.5735,0,0,1,0.04979,19275,22640,2304,25405.9,20618.1,6130.9,26749.0,0.00174,False,92160,4589
2,4,5,6,S24/B56,0.1043,0,0,1,0.04459,13945,16672,2304,20075.9,20985.2,6130.9,27116.0,0.00043,False,92160,4109
0,1,4,7,S01/B47,0.1003,0,0,1,0.0403,11972,14640,2304,18102.9,21017.3,6130.9,27148.2,0.0,False,92160,3714
4,8,4,5,S48/B45,0.8867,0,0,1,0.05431,15482,19320,2304,21612.9,21045.7,6130.9,27176.6,0.0,False,92160,5005
3,7,5,6,S37/B56,0.6613,0,0,1,0.05609,23902,25952,2304,30032.9,21081.2,6130.9,27212.1,0.00955,False,92160,5169
1,3,4,4,S13/B44,0.1293,0,0,1,0.04877,18891,21416,2304,25021.9,21193.8,6130.9,27324.6,0.00347,False,92160,4495
4,7,3,6,S47/B36,0.7928,0,0,1,0.05085,22566,20408,2304,28696.9,21310.2,6130.9,27441.1,0.0191,False,92160,4686
0,4,5,7,S04/B57,0.2699,0,0,1,0.04936,19987,20160,2304,26117.9,21483.6,6130.9,27614.4,0.01302,False,92160,4549
0,1,4,8,S01/B48,0.0998,0,0,1,0.0422,12552,15560,2304,18682.9,21696.6,6130.9,27827.5,0.0,False,92160,3889
1,4,5,7,S14/B57,0.2514,0,0,1,0.05012,19781,19232,2304,25911.9,21810.6,6130.9,27941.4,0.01389,False,92160,4619
2,4,5,7,S24/B57,0.1124,0,0,1,0.04808,16059,18352,2304,22189.9,21929.4,6130.9,28060.2,0.00174,False,92160,4431
5,5,3,6,S55/B36,0.4909,0,0,2,0.0436,17742,22224,4608,27699.7,18108.9,9957.7,28066.7,0.00042,False,92160,4018
5,8,4,6,S58/B46,0.5017,0,0,2,0.04532,16741,20632,4608,26698.7,18148.3,9957.7,28106.0,0.00087,False,92160,4177
3,7,2,6,S37/B26,0.7861,0,0,2,0.04096,13957,16472,4608,23914.7,18261.5,9957.7,28219.2,0.00304,False,92160,3775
2,4,5,8,S24/B58,0.1126,0,0,1,0.04896,16245,18904,2304,22375.9,22216.4,6130.9,28347.3,0.0013,False,92160,4512
0,1,3,6,S01/B36,0.4988,0,0,2,0.04873,21190,25752,4608,31147.7,18688.7,9957.7,28646.4,0.00043,False,92160,4491
4,7,6,7,S47/B67,0.0495,0,0,1,0.06401,21275,20224,2304,27405.9,22518.6,6130.9,28649.5,0.00391,False,92160,5899
2,3,4,5,S23/B45,0.0223,0,0,1,0.04788,16517,19392,2304,22647.9,22898.5,6130.9,29029.3,0.0013,False,92160,4413
0,0,3,4,S00/B34,0.0359,0,0,1,0.05375,23569,24744,2304,29699.9,22968.9,6130.9,29099.7,0.01476,False,92160,4954
3,5,5,5,S35/B55,0.1185,0,0,1,0.05279,15988,19128,2304,22118.9,22992.1,6130.9,29122.9,0.0,False,92160,4865
1,4,5,8,S14/B58,0.2424,0,0,1,0.05331,20637,21264,2304,26767.9,23026.2,6130.9,29157.0,0.01128,False,92160,4913
5,8,2,6,S58/B26,0.9167,0,0,1,0.04729,14335,17360,2304,20465.9,23249.0,6130.9,29379.9,0.0,False,92160,4358
3,6,1,1,S36/B11,0.4917,0,0,1,0.07823,39621,47344,2304,45751.9,23268.8,6130.9,29399.7,0.04601,False,92160,7210
4,8,1,3,S48/B13,0.7346,0,0,1,0.05737,23126,26040,2304,29256.9,23308.4,6130.9,29439.2,0.00781,False,92160,5287
0,4,5,8,S04/B58,0.2655,0,0,1,0.05582,21587,22448,2304,27717.9,23496.3,6130.9,29627.2,0.01085,False,92160,5144
3,5,5,6,S35/B56,0.0962,0,0,1,0.0523,15858,18928,2304,21988.9,23606.4,6130.9,29737.3,0.00043,False,92160,4820
3,5,5,7,S35/B57,0.0694,0,0,1,0.05155,14820,18192,2304,20950.9,23681.6,6130.9,29812.5,0.0,False,92160,4751
3,5,5,8,S35/B58,0.0951,0,0,1,0.0522,15680,18768,2304,21810.9,23725.8,6130.9,29856.7,0.00087,False,92160,4811
1,1,3,6,S11/B36,0.497,0,0,2,0.05385,23800,29232,4608,33757.7,20019.1,9957.7,29976.8,0.00412,False,92160,4963
0,4,3,3,S04/B33,0.4983,0,0,1,0.06016,22994,26312,2304,29124.9,23949.2,6130.9,30080.0,0.00217,False,92160,5544
4,7,5,5,S47/B55,0.1198,0,0,1,0.06959,22429,22744,2304,28559.9,24534.6,6130.9,30665.4,0.00304,False,92160,6413
2,4,1,2,S24/B12,0.4662,0,0,1,0.07072,35732,32088,2304,41862.9,24704.8,6130.9,30835.6,0.01606,False,92160,6518
1,4,3,3,S14/B33,0.4944,0,0,1,0.0621,22932,27216,2304,29062.9,25014.4,6130.9,31145.2,0.0013,False,92160,5723
4,7,5,6,S47/B56,0.2859,0,0,1,0.07115,25427,25784,2304,31557.9,25054.5,6130.9,31185.4,0.00651,False,92160,6557
1,2,4,6,S12/B46,0.0903,0,0,1,0.05334,17155,19240,2304,23285.9,25374.1,6130.9,31505.0,0.0026,False,92160,4916
5,8,4,5,S58/B45,0.0278,0,0,1,0.06093,24281,20232,2304,30411.9,25406.0,6130.9,31536.9,0.01997,False,92160,5615
4,7,4,5,S47/B45,0.7704,0,0,1,0.07013,24546,28056,2304,30676.9,25767.3,6130.9,31898.1,0.01128,False,92160,6463
3,7,3,6,S37/B36,0.7841,0,0,2,0.05387,20587,23168,4608,30544.7,21975.0,9957.7,31932.8,0.00672,False,92160,4965
0,3,4,4,S03/B44,0.1816,0,0,1,0.0733,31467,35424,2304,37597.9,27054.3,6130.9,33185.1,0.00825,False,92160,6755
4,8,4,4,S48/B44,0.5242,0,0,1,0.08171,33913,36616,2304,40043.9,27147.5,6130.9,33278.3,0.00825,False,92160,7530
3,7,4,6,S37/B46,0.7727,0,0,1,0.06992,28091,27184,2304,34221.9,27246.4,6130.9,33377.2,0.02474,False,92160,6444
4,7,1,3,S47/B13,0.7182,0,0,1,0.07128,27764,30976,2304,33894.9,27380.8,6130.9,33511.6,0.00868,False,92160,6569
0,3,2,2,S03/B22,0.428,0,0,1,0.06905,24842,29024,2304,30972.9,27653.8,6130.9,33784.7,0.00477,False,92160,6364
2,3,4,6,S23/B46,0.029,0,0,1,0.06066,19509,21320,2304,25639.9,27891.5,6130.9,34022.4,0.0026,False,92160,5590
4,7,4,6,S47/B46,0.7788,0,0,1,0.07087,26017,29296,2304,32147.9,28433.9,6130.9,34564.7,0.00955,False,92160,6531
3,6,5,8,S36/B58,0.201,0,0,1,0.07189,23413,25840,2304,29543.9,28632.2,6130.9,34763.0,0.00955,False,92160,6625
2,5,5,6,S25/B56,0.2609,0,0,1,0.07537,28283,30552,2304,34413.9,28727.3,6130.9,34858.1,0.01302,False,92160,6946
1,2,4,7,S12/B47,0.0946,0,0,1,0.06623,23539,23248,2304,29669.9,29279.3,6130.9,35410.2,0.01345,False,92160,6104
1,2,4,8,S12/B48,0.0951,0,0,1,0.06634,23717,23112,2304,29847.9,29330.3,6130.9,35461.2,0.01562,False,92160,6114
0,2,4,6,S02/B46,0.151,0,0,1,0.06911,24483,27200,2304,30613.9,29454.6,6130.9,35585.5,0.00825,False,92160,6369
2,5,4,4,S25/B44,0.575,0,0,1,0.08473,32225,34976,2304,38355.9,29777.2,6130.9,35908.0,0.00608,False,92160,7809
2,3,4,7,S23/B47,0.0204,0,0,1,0.06696,20187,22936,2304,26317.9,30211.4,6130.9,36342.3,0.00087,False,92160,6171
4,7,5,7,S47/B57,0.2115,0,0,1,0.08743,29335,32376,2304,35465.9,30356.9,6130.9,36487.8,0.00825,False,92160,8058
5,8,3,6,S58/B36,0.9375,0,0,2,0.07128,21798,26560,4608,31755.7,26691.4,9957.7,36649.1,0.00087,False,92160,6569
2,3,4,8,S23/B48,0.0286,0,0,1,0.06879,21071,23352,2304,27201.9,30836.8,6130.9,36967.6,0.0026,False,92160,6340
2,5,5,8,S25/B58,0.2409,0,0,1,0.08312,31683,33496,2304,37813.9,31079.5,6130.9,37210.3,0.02517,False,92160,7660
2,5,5,7,S25/B57,0.2299,0,0,1,0.08472,32231,34224,2304,38361.9,31282.9,6130.9,37413.7,0.01997,False,92160,7808
7,8,1,5,S78/B15,0.4702,0,0,2,0.08817,41283,46000,4608,51240.7,27499.5,9957.7,37457.2,0.02422,False,92160,8126
7,7,1,5,S77/B15,0.4721,0,0,2,0.09046,41463,45392,4608,51420.7,28128.9,9957.7,38086.6,0.02425,False,92160,8337
4,7,4,4,S47/B44,0.3625,0,0,1,0.10073,41301,43312,2304,47431.9,32100.2,6130.9,38231.0,0.01866,False,92160,9283
1,3,2,2,S13/B22,0.4385,0,0,1,0.08504,30072,33832,2304,36202.9,32390.0,6130.9,38520.9,0.00521,False,92160,7837
2,6,4,5,S26/B45,0.6574,0,0,1,0.08831,30943,34976,2304,37073.9,32482.5,6130.9,38613.4,0.00651,False,92160,8139
3,6,5,7,S36/B57,0.1702,0,0,1,0.09382,31141,34840,2304,37271.9,33519.2,6130.9,39650.1,0.01259,False,92160,8646
4,8,2,3,S48/B23,0.7152,0,0,1,0.09574,34583,39216,2304,40713.9,33585.8,6130.9,39716.7,0.01562,False,92160,8823
3,6,5,6,S36/B56,0.2538,0,0,1,0.09893,35230,37864,2304,41360.9,33604.2,6130.9,39735.0,0.02257,False,92160,9117
5,8,1,5,S58/B15,0.8468,0,0,1,0.08303,27248,30056,2304,33378.9,33807.9,6130.9,39938.7,0.00391,False,92160,7652
1,3,4,5,S13/B45,0.0902,0,0,1,0.09002,34063,38000,2304,40193.9,33815.1,6130.9,39945.9,0.00521,False,92160,8296
2,5,5,5,S25/B55,0.3538,0,0,1,0.10439,39007,40752,2304,45137.9,34781.1,6130.9,40912.0,0.01519,False,92160,9621
1,5,5,6,S15/B56,0.3326,0,0,1,0.10254,40584,46112,2304,46714.9,34868.2,6130.9,40999.1,0.02083,False,92160,9450
0,2,4,7,S02/B47,0.1493,0,0,1,0.0881,29565,33064,2304,35695.9,35226.3,6130.9,41357.2,0.00174,False,92160,8119
1,5,3,4,S15/B34,0.5712,0,0,1,0.10164,38047,41640,2304,44177.9,35572.9,6130.9,41703.7,0.00738,False,92160,9367
1,5,5,8,S15/B58,0.3203,0,0,1,0.10574,38886,42376,2304,45016.9,35921.2,6130.9,42052.0,0.03082,False,92160,9745
1,5,5,7,S15/B57,0.3194,0,0,1,0.10837,40397,46696,2304,46527.9,36048.1,6130.9,42179.0,0.03863,False,92160,9987
2,5,3,4,S25/B34,0.5766,0,0,1,0.1014,37250,41888,2304,43380.9,36062.9,6130.9,42193.8,0.00521,False,92160,9345
0,2,4,8,S02/B48,0.1506,0,0,1,0.09102,29587,33104,2304,35717.9,36311.9,6130.9,42442.7,0.00174,False,92160,8388
3,7,5,7,S37/B57,0.6095,0,0,1,0.12945,52218,59800,2304,58348.9,38790.9,6130.9,44921.8,0.0829,False,92160,11930
4,7,3,3,S47/B33,0.1807,0,0,1,0.12498,50605,60608,2304,56735.9,39841.5,6130.9,45972.4,0.04948,False,92160,11518
4,7,2,3,S47/B23,0.7146,0,0,1,0.12437,44272,50616,2304,50402.9,39927.4,6130.9,46058.3,0.0204,False,92160,11462
3,5,1,2,S35/B12,0.5451,0,0,1,0.13104,51768,58792,2304,57898.9,40049.1,6130.9,46180.0,0.04167,False,92160,12077
3,6,4,5,S36/B45,0.6817,0,0,1,0.11713,41913,47800,2304,48043.9,40242.8,6130.9,46373.7,0.0191,False,92160,10795
0,2,1,1,S02/B11,0.3479,0,0,1,0.1156,38553,42856,2304,44683.9,40465.0,6130.9,46595.9,0.01259,False,92160,10654
2,4,4,6,S24/B46,0.0615,0,0,1,0.11102,35891,40328,2304,42021.9,40524.3,6130.9,46655.2,0.01085,False,92160,10232
1,4,2,3,S14/B23,0.4997,0,0,1,0.12483,44180,50048,2304,50310.9,40725.2,6130.9,46856.0,0.01302,False,92160,11504
4,7,5,8,S47/B58,0.0204,0,0,1,0.13379,39045,41336,2304,45175.9,40997.5,6130.9,47128.3,0.01389,False,92160,12330
4,8,3,3,S48/B33,0.5056,0,0,1,0.137,57648,67512,2304,63778.9,41258.4,6130.9,47389.3,0.06641,False,92160,12626
5,8,2,5,S58/B25,0.862,0,0,1,0.11304,36055,38720,2304,42185.9,41463.8,6130.9,47594.7,0.00347,False,92160,10418
0,4,2,3,S04/B23,0.5026,0,0,1,0.1288,47648,52760,2304,53778.9,41514.8,6130.9,47645.6,0.01389,False,92160,11870
3,5,2,3,S35/B23,0.5734,0,0,1,0.13152,49672,54320,2304,55802.9,41883.0,6130.9,48013.8,0.02344,False,92160,12121
2,4,4,7,S24/B47,0.076,0,0,1,0.11794,37703,42408,2304,43833.9,41943.7,6130.9,48074.6,0.0204,False,92160,10869
2,6,3,5,S26/B35,0.6622,0,0,1,0.12478,44280,48912,2304,50410.9,42005.6,6130.9,48136.4,0.02995,False,92160,11500
5,7,4,6,S57/B46,0.0946,0,0,2,0.12643,42883,45008,4608,52840.7,38196.5,9957.7,48154.2,0.02794,False,92160,11652
3,6,2,5,S36/B25,0.6873,0,0,1,0.12595,46106,50632,2304,52236.9,42518.6,6130.9,48649.5,0.03689,False,92160,11608
0,3,4,5,S03/B45,0.1757,0,0,1,0.13435,51023,60240,2304,57153.9,42593.7,6130.9,48724.6,0.00868,False,92160,12382
2,4,4,5,S24/B45,0.0871,0,0,1,0.12386,40037,44280,2304,46167.9,43152.8,6130.9,49283.7,0.00955,False,92160,11415
7,8,2,5,S78/B25,0.467,0,0,2,0.13794,57580,64032,4608,67537.7,39604.8,9957.7,49562.6,0.03986,False,92160,12713
1,3,4,6,S13/B46,0.0768,0,0,1,0.12346,40993,45288,2304,47123.9,43452.1,6130.9,49583.0,0.00911,False,92160,11378
3,6,1,5,S36/B15,0.6894,0,0,2,0.12214,47321,54816,4608,57278.7,39810.5,9957.7,49768.2,0.04969,False,92160,11256
3,5,1,3,S35/B13,0.5692,0,0,1,0.14327,52552,58088,2304,58682.9,43792.9,6130.9,49923.8,0.02648,False,92160,13204
1,5,5,5,S15/B55,0.4242,0,0,1,0.14795,55466,61808,2304,61596.9,43997.2,6130.9,50128.1,0.04384,False,92160,13635
7,7,2,5,S77/B25,0.4687,0,0,2,0.14056,58012,65312,4608,67969.7,40221.8,9957.7,50179.5,0.04469,False,92160,12954
2,4,4,8,S24/B48,0.0769,0,0,1,0.12724,40435,45504,2304,46565.9,44326.9,6130.9,50457.7,0.01259,False,92160,11726
3,6,3,5,S36/B35,0.6876,0,0,1,0.14558,51691,59888,2304,57821.9,45686.2,6130.9,51817.1,0.0421,False,92160,13417
1,2,1,1,S12/B11,0.3725,0,0,1,0.14196,48437,52216,2304,54567.9,45889.1,6130.9,52020.0,0.02127,False,92160,13083
2,4,4,4,S24/B44,0.1556,0,0,1,0.15618,55507,57576,2304,61637.9,47157.6,6130.9,53288.5,0.03776,False,92160,14394
2,6,5,8,S26/B58,0.4112,0,0,1,0.16755,58932,71984,2304,65062.9,47276.1,6130.9,53407.0,0.12717,False,92160,15441
1,3,4,7,S13/B47,0.0858,0,0,1,0.13571,42195,45488,2304,48325.9,47697.3,6130.9,53828.1,0.00781,False,92160,12507
5,5,2,6,S55/B26,0.4899,0,0,2,0.14091,50905,54768,4608,60862.7,44025.1,9957.7,53982.9,0.03773,False,92160,12986
0,0,2,5,S00/B25,0.4675,0,0,2,0.15564,63354,69672,4608,73311.7,44057.7,9957.7,54015.5,0.05403,False,92160,14344
5,6,3,7,S56/B37,0.5246,0,0,2,0.15285,56548,68256,4608,66505.7,44378.4,9957.7,54336.2,0.10962,False,92160,14087
5,7,2,6,S57/B26,0.803,0,0,1,0.14681,55252,61664,2304,61382.9,48429.6,6130.9,54560.4,0.06901,False,92160,13530
3,7,5,8,S37/B58,0.5297,0,0,1,0.17679,63412,75360,2304,69542.9,48479.8,6130.9,54610.7,0.19444,False,92160,16293
3,5,4,7,S35/B47,0.0213,0,0,1,0.14875,40903,48488,2304,47033.9,48513.3,6130.9,54644.2,0.01476,False,92160,13709
5,6,3,6,S56/B36,0.4997,0,0,2,0.1543,54910,62856,4608,64867.7,44829.3,9957.7,54787.0,0.10258,False,92160,14220
3,5,1,1,S35/B11,0.405,0,0,1,0.17147,66011,76880,2304,72141.9,49121.7,6130.9,55252.5,0.1428,False,92160,15803
8,8,2,5,S88/B25,0.4684,0,0,2,0.16138,62834,72080,4608,72791.7,45296.5,9957.7,55254.2,0.05349,False,92160,14873
3,5,4,8,S35/B48,0.0261,0,0,1,0.15455,43081,50504,2304,49211.9,49278.6,6130.9,55409.5,0.01953,False,92160,14243
3,5,3,3,S35/B33,0.5738,0,0,1,0.17205,61096,66296,2304,67226.9,49292.5,6130.9,55423.4,0.04818,False,92160,15856
3,5,2,2,S35/B22,0.5378,0,0,1,0.17119,58899,66872,2304,65029.9,49295.5,6130.9,55426.4,0.05556,False,92160,15777
1,3,4,8,S13/B48,0.1045,0,0,1,0.14422,46263,50464,2304,52393.9,49370.5,6130.9,55501.4,0.00694,False,92160,13291
2,6,5,6,S26/B56,0.4786,0,0,1,0.18192,62854,72160,2304,68984.9,50207.5,6130.9,56338.4,0.10373,False,92160,16766
5,7,4,7,S57/B47,0.1349,0,0,2,0.16823,55803,62504,4608,65760.7,46463.2,9957.7,56420.9,0.07474,False,92160,15504
0,3,4,6,S03/B46,0.1609,0,0,1,0.15805,53172,59672,2304,59302.9,50438.2,6130.9,56569.1,0.00694,False,92160,14566
8,8,3,5,S88/B35,0.3227,0,0,2,0.17925,69582,84800,4608,79539.7,47230.9,9957.7,57188.7,0.1437,False,92160,16520
1,5,2,4,S15/B24,0.5641,0,0,1,0.17602,59902,65896,2304,66032.9,51541.2,6130.9,57672.1,0.02995,False,92160,16222
2,6,5,7,S26/B57,0.4385,0,0,1,0.19352,65062,78976,2304,71192.9,51561.9,6130.9,57692.8,0.15842,False,92160,17835
2,5,2,4,S25/B24,0.5651,0,0,1,0.17204,58791,68336,2304,64921.9,51645.7,6130.9,57776.6,0.03212,False,92160,15855
2,6,2,5,S26/B25,0.6627,0,0,2,0.14986,51772,58336,4608,61729.7,47875.2,9957.7,57832.9,0.04453,False,92160,13811
1,1,2,5,S11/B25,0.4674,0,0,2,0.17408,64188,71856,4608,74145.7,48238.3,9957.7,58196.0,0.05933,False,92160,16043
5,7,4,8,S57/B48,0.0557,0,0,2,0.17735,55769,60712,4608,65726.7,48449.3,9957.7,58407.1,0.05272,False,92160,16345
0,1,2,5,S01/B25,0.4628,0,0,2,0.17703,66552,75696,4608,76509.7,48842.4,9957.7,58800.1,0.06477,False,92160,16315
6,8,3,5,S68/B35,0.3599,0,0,2,0.18577,73180,88304,4608,83137.7,49676.4,9957.7,59634.1,0.15783,False,92160,17121
2,4,3,3,S24/B33,0.5023,0,0,1,0.18421,61122,66040,2304,67252.9,53646.2,6130.9,59777.1,0.04123,False,92160,16977
2,6,1,5,S26/B15,0.651,0,0,2,0.16819,59992,68560,4608,69949.7,50273.8,9957.7,60231.5,0.08094,False,92160,15500
7,7,3,5,S77/B35,0.3493,0,0,2,0.19229,74218,89472,4608,84175.7,50576.8,9957.7,60534.5,0.16553,False,92160,17721
7,8,3,5,S78/B35,0.3578,0,0,2,0.19374,74131,88608,4608,84088.7,50669.2,9957.7,60626.9,0.1682,False,92160,17855
6,7,3,5,S67/B35,0.363,0,0,2,0.19094,74771,88656,4608,84728.7,50706.7,9957.7,60664.4,0.15446,False,92160,17597
6,6,3,5,S66/B35,0.3589,0,0,2,0.19252,74562,88120,4608,84519.7,50764.3,9957.7,60722.0,0.16361,False,92160,17743
2,3,3,3,S23/B33,0.1499,0,0,1,0.18331,67447,83960,2304,73577.9,54723.3,6130.9,60854.2,0.02387,False,92160,16894
0,1,3,4,S01/B34,0.1692,0,0,1,0.18622,70287,86720,2304,76417.9,55308.3,6130.9,61439.2,0.00304,False,92160,17162
2,4,2,3,S24/B23,0.4897,0,0,1,0.19769,67096,77800,2304,73226.9,55966.4,6130.9,62097.3,0.04818,False,92160,18219
5,7,3,6,S57/B36,0.7997,0,0,2,0.17911,63162,71712,4608,73119.7,53320.3,9957.7,63278.0,0.13435,False,92160,16507
0,0,3,5,S00/B35,0.38,0,0,2,0.2024,76632,89784,4608,86589.7,53694.9,9957.7,63652.6,0.16539,False,92160,18653
0,3,4,7,S03/B47,0.1785,0,0,1,0.19616,61971,69992,2304,68101.9,58145.6,6130.9,64276.4,0.00998,False,92160,18078
5,8,3,5,S58/B35,0.8652,0,0,2,0.19074,62242,69344,4608,72199.7,54433.9,9957.7,64391.6,0.10062,False,92160,17579
1,3,1,2,S13/B12,0.4359,0,0,2,0.19884,68290,77928,4608,78247.7,55264.3,9957.7,65222.0,0.09467,False,92160,18325
3,5,4,4,S35/B44,0.1494,0,0,1,0.22142,70607,73488,2304,76737.9,60193.0,6130.9,66323.9,0.08464,False,92160,20406
4,6,2,4,S46/B24,0.6424,0,0,1,0.22026,73235,80968,2304,79365.9,60226.3,6130.9,66357.2,0.05078,False,92160,20299
5,5,3,5,S55/B35,0.3734,0,0,2,0.21625,79246,90808,4608,89203.7,57508.8,9957.7,67466.6,0.18994,False,92160,19930
8,8,2,2,S88/B22,0.2136,0,-1,1,0.18628,72575,84872,2304,78705.9,61429.3,6130.9,67560.2,0.00217,True,92160,17168
4,6,1,4,S46/B14,0.6484,0,0,1,0.2247,73314,83016,2304,79444.9,62400.4,6130.9,68531.3,0.0447,False,92160,20708
7,7,2,2,S77/B22,0.2008,-1,0,1,0.19143,74635,87176,2304,80765.9,62471.4,6130.9,68602.3,0.00043,True,92160,17642
8,8,1,1,S88/B11,0.2053,1,-1,1,0.192,69883,83784,2304,76013.9,63189.1,6130.9,69319.9,0.00608,True,92160,17695
0,0,2,2,S00/B22,0.2157,-1,0,1,0.19506,74155,86616,2304,80285.9,63461.2,6130.9,69592.1,0.00174,True,92160,17977
7,8,2,2,S78/B22,0.2153,0,-1,1,0.19622,75848,87968,2304,81978.9,63538.6,6130.9,69669.5,0.00043,True,92160,18084
0,0,1,1,S00/B11,0.2105,-1,-1,1,0.19337,67193,81080,2304,73323.9,63539.3,6130.9,69670.2,0.00347,True,92160,17821
0,2,3,3,S02/B33,0.2371,0,0,1,0.21831,78040,89464,2304,84170.9,64204.3,6130.9,70335.1,0.00043,False,92160,20119
2,3,1,1,S23/B11,0.3444,0,0,1,0.24084,82342,90248,2304,88472.9,64352.5,6130.9,70483.3,0.25955,False,92160,22196
7,7,1,1,S77/B11,0.2098,-2,-2,1,0.19869,71619,86000,2304,77749.9,64489.0,6130.9,70619.8,0.0,True,92160,18311
7,8,1,1,S78/B11,0.2123,2,-2,1,0.20106,72879,87160,2304,79009.9,64992.6,6130.9,71123.5,0.0,True,92160,18530
1,5,1,4,S15/B14,0.5428,0,0,2,0.23046,75822,86976,4608,85779.7,61485.8,9957.7,71443.5,0.09977,False,92160,21239
5,6,3,5,S56/B35,0.374,0,0,2,0.2304,81302,91464,4608,91259.7,61552.0,9957.7,71509.7,0.19015,False,92160,21234
3,5,4,5,S35/B45,0.0393,0,0,1,0.24028,67336,71960,2304,73466.9,65523.6,6130.9,71654.5,0.06163,False,92160,22144
1,2,1,4,S12/B14,0.4332,0,0,2,0.23793,78305,89600,4608,88262.7,61754.3,9957.7,71712.0,0.16612,False,92160,21928
0,3,4,8,S03/B48,0.1977,0,0,1,0.23879,73375,81568,2304,79505.9,65736.4,6130.9,71867.2,0.01519,False,92160,22007
0,3,1,2,S03/B12,0.4232,0,0,2,0.23331,76838,87432,4608,86795.7,61913.0,9957.7,71870.8,0.16774,False,92160,21502
6,6,2,2,S66/B22,0.2101,1,0,1,0.21185,80092,91240,2304,86222.9,66582.8,6130.9,72713.7,0.0,True,92160,19524
0,2,1,4,S02/B14,0.4372,0,0,2,0.24233,80005,90440,4608,89962.7,62813.9,9957.7,72771.6,0.15318,False,92160,22333
2,2,2,6,S22/B26,0.4839,0,0,2,0.24206,80857,87424,4608,90814.7,63109.3,9957.7,73067.1,0.09027,False,92160,22308
1,1,1,1,S11/B11,0.2259,2,-1,1,0.21337,74572,86688,2304,80702.9,67206.6,6130.9,73337.5,0.0,True,92160,19664
2,2,1,4,S22/B14,0.4307,0,0,2,0.2426,79590,90592,4608,89547.7,63546.9,9957.7,73504.6,0.14205,False,92160,22358
6,8,2,2,S68/B22,0.2133,-1,0,1,0.21661,81163,91584,2304,87293.9,67450.7,6130.9,73581.5,0.00043,True,92160,19963
6,7,2,2,S67/B22,0.2135,1,-1,1,0.21714,81213,91664,2304,87343.9,67496.3,6130.9,73627.2,0.00043,True,92160,20012
4,6,3,5,S46/B35,0.6847,0,0,1,0.25266,81952,89336,2304,88082.9,67582.9,6130.9,73713.8,0.23741,False,92160,23285
4,6,1,5,S46/B15,0.6857,0,0,1,0.24852,80422,87912,2304,86552.9,67629.9,6130.9,73760.8,0.22917,False,92160,22904
6,6,1,1,S66/B11,0.2114,2,2,1,0.21785,77531,90584,2304,83661.9,67983.0,6130.9,74113.9,0.00391,True,92160,20077
4,6,3,4,S46/B34,0.6364,0,0,1,0.26157,80567,87960,2304,86697.9,68005.1,6130.9,74135.9,0.08854,False,92160,24106
6,7,1,1,S67/B11,0.2182,2,2,1,0.21836,77401,90624,2304,83531.9,68044.0,6130.9,74174.8,0.00391,True,92160,20124
1,4,1,3,S14/B13,0.4863,0,0,2,0.24825,79741,90088,4608,89698.7,64541.1,9957.7,74498.9,0.13045,False,92160,22879
6,7,2,5,S67/B25,0.4566,0,0,2,0.24597,84723,90792,4608,94680.7,64556.4,9957.7,74514.1,0.11492,False,92160,22669
3,4,1,1,S34/B11,0.3125,0,0,1,0.24492,84627,92192,2304,90757.9,68448.9,6130.9,74579.8,0.15017,False,92160,22572
4,6,4,6,S46/B46,0.1516,0,0,1,0.26591,73765,84960,2304,79895.9,68463.7,6130.9,74594.6,0.19792,False,92160,24506
6,8,1,1,S68/B11,0.2165,2,-2,1,0.22094,78439,91096,2304,84569.9,68496.4,6130.9,74627.2,0.0,True,92160,20362
0,1,1,1,S01/B11,0.238,0,0,1,0.22237,74253,86728,2304,80383.9,68619.0,6130.9,74749.9,0.00694,False,92160,20494
2,5,1,4,S25/B14,0.5484,0,0,2,0.24418,79734,89400,4608,89691.7,64859.3,9957.7,74817.0,0.13176,False,92160,22504
5,8,2,2,S58/B22,0.2143,0,-1,1,0.2249,82280,91984,2304,88410.9,68870.7,6130.9,75001.6,0.00043,True,92160,20727
5,5,2,2,S55/B22,0.2238,0,-1,1,0.22615,83487,92192,2304,89617.9,69127.1,6130.9,75257.9,0.00043,True,92160,20842
5,7,2,2,S57/B22,0.2175,-1,0,1,0.22704,83175,92312,2304,89305.9,69248.8,6130.9,75379.7,0.00043,True,92160,20924
4,6,2,5,S46/B25,0.6837,0,0,1,0.25929,81716,89800,2304,87846.9,69252.4,6130.9,75383.3,0.23351,False,92160,23896
5,6,2,2,S56/B22,0.2184,0,-1,1,0.22934,83561,92280,2304,89691.9,69515.8,6130.9,75646.7,0.00043,True,92160,21136
1,2,2,6,S12/B26,0.485,0,0,2,0.25538,82918,90136,4608,92875.7,65886.2,9957.7,75843.9,0.09946,False,92160,23536
4,6,4,5,S46/B45,0.3271,0,0,1,0.27385,82545,90952,2304,88675.9,69811.8,6130.9,75942.7,0.1875,False,92160,25238
6,6,2,5,S66/B25,0.4543,0,0,2,0.25556,86345,91256,4608,96302.7,66141.5,9957.7,76099.3,0.11776,False,92160,23552
5,5,1,1,S55/B11,0.2217,2,1,1,0.22993,81174,92000,2304,87304.9,70000.8,6130.9,76131.6,0.00391,True,92160,21190
0,2,2,6,S02/B26,0.4853,0,0,2,0.25713,83576,89536,4608,93533.7,66581.6,9957.7,76539.4,0.10056,False,92160,23697
5,6,1,1,S56/B11,0.2223,2,-2,1,0.23351,81761,92072,2304,87891.9,70482.2,6130.9,76613.0,0.00391,True,92160,21520
6,8,2,5,S68/B25,0.462,0,0,2,0.25838,86864,91728,4608,96821.7,66830.6,9957.7,76788.3,0.12876,False,92160,23812
4,6,4,7,S46/B47,0.0874,0,0,1,0.27959,70722,76944,2304,76852.9,70875.4,6130.9,77006.3,0.15842,False,92160,25767
5,8,1,1,S58/B11,0.2311,-2,0,1,0.23582,82147,92184,2304,88277.9,70928.5,6130.9,77059.3,0.00391,True,92160,21733
1,1,2,2,S11/B22,0.2431,1,0,1,0.23648,81739,90408,2304,87869.9,70989.1,6130.9,77120.0,0.00043,True,92160,21794
5,7,1,1,S57/B11,0.2304,1,-2,1,0.23691,82706,92152,2304,88836.9,71066.3,6130.9,77197.2,0.00391,True,92160,21834
1,1,1,4,S11/B14,0.4227,0,0,2,0.26558,85950,91912,4608,95907.7,67487.0,9957.7,77444.7,0.18395,False,92160,24476
0,1,2,2,S01/B22,0.2414,-2,-2,1,0.2389,81767,90344,2304,87897.9,71342.4,6130.9,77473.2,0.00087,True,92160,22017
0,1,1,4,S01/B14,0.4233,0,0,2,0.26595,85940,91920,4608,95897.7,67554.9,9957.7,77512.6,0.18585,False,92160,24510
8,8,1,4,S88/B14,0.4228,0,0,2,0.2674,84939,91472,4608,94896.7,68119.3,9957.7,78077.1,0.17208,False,92160,24644
4,4,2,2,S44/B22,0.2411,1,0,1,0.24577,86741,92344,2304,92871.9,72214.9,6130.9,78345.7,0.00087,True,92160,22650
0,4,1,3,S04/B13,0.4882,0,0,2,0.26691,82868,90576,4608,92825.7,68418.1,9957.7,78375.9,0.13483,False,92160,24598
3,7,4,7,S37/B47,0.7108,0,0,1,0.27865,81432,91840,2304,87562.9,72250.7,6130.9,78381.5,0.477,False,92160,25680
4,4,1,1,S44/B11,0.2375,2,-2,1,0.24564,84691,92344,2304,90821.9,72393.6,6130.9,78524.4,0.00391,True,92160,22638
1,4,4,4,S14/B44,0.4329,0,0,1,0.28787,88452,91208,2304,94582.9,72692.2,6130.9,78823.0,0.102,False,92160,26530
0,0,1,4,S00/B14,0.4246,0,0,2,0.27195,85659,91720,4608,95616.7,69066.2,9957.7,79023.9,0.1766,False,92160,25063
5,7,3,5,S57/B35,0.373,0,0,2,0.27075,87783,92344,4608,97740.7,69164.0,9957.7,79121.8,0.23364,False,92160,24952
4,6,4,8,S46/B48,0.0985,0,0,1,0.29385,76031,80520,2304,82161.9,73023.0,6130.9,79153.8,0.18142,False,92160,27081
4,6,1,3,S46/B13,0.5923,0,0,1,0.28959,84602,90288,2304,90732.9,73168.8,6130.9,79299.6,0.06163,False,92160,26689
4,5,2,2,S45/B22,0.2437,-1,0,1,0.25386,87807,92344,2304,93937.9,73411.4,6130.9,79542.3,0.00174,True,92160,23396
1,1,3,5,S11/B35,0.2952,0,0,2,0.27287,87846,92344,4608,97803.7,69795.7,9957.7,79753.4,0.23095,False,92160,25148
4,5,1,1,S45/B11,0.2526,2,2,1,0.25435,86179,92344,2304,92309.9,73713.3,6130.9,79844.1,0.00391,True,92160,23441
2,2,1,1,S22/B11,0.255,0,0,1,0.25691,86406,91944,2304,92536.9,73898.5,6130.9,80029.3,0.01172,False,92160,23677
3,3,1,1,S33/B11,0.2545,2,-1,1,0.25605,85529,92240,2304,91659.9,73966.9,6130.9,80097.8,0.0,True,92160,23598
0,4,4,4,S04/B44,0.426,0,0,1,0.29387,90429,92040,2304,96559.9,74368.9,6130.9,80499.8,0.08073,False,92160,27083
5,8,1,4,S58/B14,0.7357,0,0,1,0.29515,84396,90608,2304,90526.9,74452.5,6130.9,80583.4,0.0178,False,92160,27201
4,8,1,1,S48/B11,0.2492,0,0,1,0.26604,87240,92344,2304,93370.9,74461.9,6130.9,80592.8,0.0638,False,92160,24518
2,2,2,2,S22/B22,0.2727,-2,0,1,0.26044,86313,91912,2304,92443.9,74490.6,6130.9,80621.5,0.00043,True,92160,24002
4,6,1,1,S46/B11,0.2429,0,0,1,0.26253,86701,92344,2304,92831.9,74651.4,6130.9,80782.3,0.0178,False,92160,24195
4,8,2,2,S48/B22,0.2504,0,0,1,0.26846,89476,92344,2304,95606.9,75002.6,6130.9,81133.5,0.03906,False,92160,24741
4,7,1,1,S47/B11,0.2536,0,0,1,0.26853,87238,92344,2304,93368.9,75158.6,6130.9,81289.5,0.03776,False,92160,24748
4,6,2,2,S46/B22,0.262,-1,-1,1,0.26885,89401,92344,2304,95531.9,75429.0,6130.9,81559.8,0.00347,True,92160,24777
4,7,2,2,S47/B22,0.2462,0,0,1,0.2707,89691,92344,2304,95821.9,75500.8,6130.9,81631.6,0.02821,False,92160,24948
3,7,3,7,S37/B37,0.7261,0,0,1,0.28774,79341,91688,2304,85471.9,75512.6,6130.9,81643.4,0.65799,False,92160,26518
1,2,3,4,S12/B34,0.2766,0,0,1,0.28789,86800,92344,2304,92930.9,75772.1,6130.9,81903.0,0.00911,False,92160,26532
5,7,3,7,S57/B37,0.7396,-1,1,1,0.27554,85506,92344,2304,91636.9,76306.3,6130.9,82437.1,0.99696,True,92160,25394
3,3,2,2,S33/B22,0.2717,0,-2,1,0.27603,90834,92344,2304,96964.9,76590.6,6130.9,82721.4,0.00217,True,92160,25439
0,2,2,2,S02/B22,0.2898,0,0,1,0.28339,88249,92344,2304,94379.9,76855.7,6130.9,82986.6,0.01215,False,92160,26117
5,7,1,5,S57/B15,0.6953,0,0,1,0.30547,91334,92344,2304,97464.9,76991.3,6130.9,83122.2,0.30252,False,92160,28152
1,2,2,2,S12/B22,0.294,0,0,1,0.28405,88197,92336,2304,94327.9,77096.3,6130.9,83227.1,0.01997,False,92160,26178
4,8,1,2,S48/B12,0.4968,0,0,1,0.32489,91890,92344,2304,98020.9,77133.4,6130.9,83264.2,0.26693,False,92160,29942
8,8,1,2,S88/B12,0.2883,0,0,2,0.28049,87027,92056,4608,96984.7,73950.2,9957.7,83907.9,0.34379,False,92160,25850
4,7,3,7,S47/B37,0.7201,0,0,1,0.29368,81820,92216,2304,87950.9,78112.4,6130.9,84243.3,0.90668,False,92160,27066
0,0,1,2,S00/B12,0.2923,2,0,1,0.28861,85432,91368,2304,91562.9,78177.0,6130.9,84307.8,0.0434,True,92160,26598
7,7,1,2,S77/B12,0.2941,1,-2,1,0.29219,86840,91864,2304,92970.9,78602.6,6130.9,84733.4,0.04036,True,92160,26928
1,4,4,6,S14/B46,0.3675,0,0,1,0.3355,91124,92344,2304,97254.9,78654.5,6130.9,84785.3,0.10286,False,92160,30920
4,7,1,2,S47/B12,0.4857,0,0,1,0.33291,93195,92344,2304,99325.9,78822.2,6130.9,84953.1,0.29384,False,92160,30681
7,8,1,2,S78/B12,0.3082,-2,0,1,0.29521,87332,91920,2304,93462.9,78944.7,6130.9,85075.6,0.04253,True,92160,27207
1,1,1,2,S11/B12,0.3003,-1,2,1,0.29493,85421,91752,2304,91551.9,78980.0,6130.9,85110.9,0.05425,True,92160,27181
1,4,4,5,S14/B45,0.378,0,0,1,0.3326,92695,92344,2304,98825.9,79180.6,6130.9,85311.5,0.09332,False,92160,30652
0,1,1,2,S01/B12,0.3032,-2,0,1,0.29717,85858,91680,2304,91988.9,79238.2,6130.9,85369.0,0.0625,True,92160,27387
1,3,3,3,S13/B33,0.3183,0,0,1,0.31602,92517,92344,2304,98647.9,79719.0,6130.9,85849.9,0.07031,False,92160,29124
2,2,3,5,S22/B35,0.2717,0,0,1,0.32355,87976,91952,2304,94106.9,79762.5,6130.9,85893.4,0.02127,False,92160,29818
4,7,4,7,S47/B47,0.6706,0,0,1,0.31854,87223,92344,2304,93353.9,79839.0,6130.9,85969.8,0.66536,False,92160,29357
0,4,4,5,S04/B45,0.3909,0,0,1,0.34296,92525,92344,2304,98655.9,80313.9,6130.9,86444.8,0.08898,False,92160,31607
3,7,4,8,S37/B48,0.685,0,0,1,0.32308,86386,92344,2304,92516.9,80549.7,6130.9,86680.6,0.76997,False,92160,29775
7,8,1,4,S78/B14,0.4241,0,0,2,0.3114,93089,92344,4608,103046.7,76783.7,9957.7,86741.4,0.25613,False,92160,28699
7,7,1,4,S77/B14,0.4297,0,0,2,0.31349,93271,92344,4608,103228.7,76808.4,9957.7,86766.2,0.23429,False,92160,28891
8,8,2,3,S88/B23,0.3133,1,2,1,0.31063,93025,92344,2304,99155.9,80643.3,6130.9,86774.2,0.01432,True,92160,28628
7,7,2,3,S77/B23,0.3132,-2,-1,1,0.31203,92939,92344,2304,99069.9,80767.4,6130.9,86898.2,0.01432,True,92160,28757
3,6,4,7,S36/B47,0.5363,0,0,1,0.3508,92091,92344,2304,98221.9,80785.3,6130.9,86916.2,0.52127,False,92160,32330
7,8,2,3,S78/B23,0.3122,-2,-2,1,0.31236,93495,92344,2304,99625.9,80788.4,6130.9,86919.2,0.02691,True,92160,28787
3,4,2,2,S34/B22,0.3157,0,0,1,0.31988,96494,92344,2304,102624.9,80887.1,6130.9,87018.0,0.09332,False,92160,29480
3,5,3,4,S35/B34,0.5621,0,0,1,0.34237,94254,92344,2304,100384.9,80940.7,6130.9,87071.6,0.17622,False,92160,31553
2,3,2,2,S23/B22,0.3445,0,0,1,0.32962,96609,92344,2304,102739.9,80953.1,6130.9,87084.0,0.2934,False,92160,30378
0,3,3,3,S03/B33,0.3394,0,0,1,0.32771,94475,92344,2304,100605.9,80967.9,6130.9,87098.8,0.05512,False,92160,30202
0,0,2,3,S00/B23,0.3189,2,-1,1,0.31389,93166,92344,2304,99296.9,80971.6,6130.9,87102.5,0.02474,True,92160,28928
3,5,2,4,S35/B24,0.5614,0,0,1,0.34137,93728,92344,2304,99858.9,81036.1,6130.9,87166.9,0.17752,False,92160,31461
6,7,1,2,S67/B12,0.3106,0,0,2,0.309,90639,92344,4608,100596.7,77377.1,9957.7,87334.8,0.38824,False,92160,28477
6,6,1,2,S66/B12,0.3175,0,0,2,0.30646,90951,92344,4608,100908.7,77430.8,9957.7,87388.5,0.38635,False,92160,28243
3,3,3,5,S33/B35,0.2992,0,0,1,0.33992,89857,92344,2304,95987.9,81268.1,6130.9,87399.0,0.07075,False,92160,31327
2,2,1,2,S22/B12,0.3173,2,2,1,0.31993,89643,92344,2304,95773.9,81653.6,6130.9,87784.4,0.10981,True,92160,29485
0,1,3,5,S01/B35,0.3806,0,0,2,0.31821,95251,92344,4608,105208.7,77827.0,9957.7,87784.7,0.30785,False,92160,29326
6,8,1,2,S68/B12,0.3201,0,0,2,0.31039,91460,92344,4608,101417.7,77930.3,9957.7,87888.0,0.39547,False,92160,28606
1,1,2,3,S11/B23,0.3228,-2,-1,1,0.32278,92232,92344,2304,98362.9,81935.1,6130.9,88066.0,0.01606,True,92160,29747
6,6,2,3,S66/B23,0.3198,-2,2,1,0.324,94895,92344,2304,101025.9,81992.5,6130.9,88123.4,0.03559,True,92160,29860
1,4,4,7,S14/B47,0.3859,0,0,1,0.35284,92423,92344,2304,98553.9,82021.9,6130.9,88152.8,0.1033,False,92160,32518
0,1,2,3,S01/B23,0.3216,-1,-2,1,0.32574,93155,92344,2304,99285.9,82080.0,6130.9,88210.9,0.04036,True,92160,30020
5,7,2,5,S57/B25,0.6663,0,0,1,0.34465,95082,92344,2304,101212.9,82115.5,6130.9,88246.4,0.26953,False,92160,31763
6,8,2,3,S68/B23,0.3259,0,2,1,0.32512,94891,92344,2304,101021.9,82128.8,6130.9,88259.6,0.02865,True,92160,29963
6,7,2,3,S67/B23,0.3227,2,-1,1,0.32602,95491,92344,2304,101621.9,82163.9,6130.9,88294.8,0.03863,True,92160,30046
0,2,1,2,S02/B12,0.3244,-2,-2,1,0.32499,88103,92344,2304,94233.9,82201.8,6130.9,88332.6,0.11198,True,92160,29951
4,7,4,8,S47/B48,0.6569,0,0,1,0.3356,88167,92344,2304,94297.9,82239.5,6130.9,88370.4,0.78906,False,92160,30929
0,4,4,6,S04/B46,0.3911,0,0,1,0.35235,93036,92344,2304,99166.9,82239.7,6130.9,88370.6,0.09766,False,92160,32473
1,2,1,2,S12/B12,0.3322,-2,-2,1,0.32598,89197,92344,2304,95327.9,82339.9,6130.9,88470.8,0.13585,True,92160,30042
3,6,4,8,S36/B48,0.5771,0,0,1,0.35914,93124,92344,2304,99254.9,82527.0,6130.9,88657.8,0.58811,False,92160,33098
8,8,2,4,S88/B24,0.376,0,0,2,0.3245,96279,92344,4608,106236.7,78971.0,9957.7,88928.8,0.34931,False,92160,29906
7,8,2,4,S78/B24,0.3721,0,0,2,0.32429,96366,92344,4608,106323.7,79014.0,9957.7,88971.7,0.35475,False,92160,29887
7,7,2,4,S77/B24,0.3676,0,0,2,0.32406,96337,92344,4608,106294.7,79050.9,9957.7,89008.6,0.3542,False,92160,29865
3,3,1,5,S33/B15,0.4716,0,0,2,0.3293,94061,92344,4608,104018.7,79053.4,9957.7,89011.1,0.18192,False,92160,30348
1,4,4,8,S14/B48,0.3954,0,0,1,0.35955,93685,92344,2304,99815.9,82942.7,6130.9,89073.6,0.13845,False,92160,33136
0,2,2,5,S02/B25,0.4543,0,0,2,0.32809,94094,92344,4608,104051.7,79140.6,9957.7,89098.3,0.23432,False,92160,30237
5,6,2,6,S56/B26,0.5841,0,0,2,0.32735,95027,92344,4608,104984.7,79201.0,9957.7,89158.8,0.52114,False,92160,30169
3,5,1,4,S35/B14,0.5552,0,0,1,0.35724,95546,92344,2304,101676.9,83179.3,6130.9,89310.1,0.21875,False,92160,32923
0,3,1,5,S03/B15,0.4759,0,0,2,0.33177,93183,92344,4608,103140.7,79403.4,9957.7,89361.1,0.17665,False,92160,30576
0,0,2,4,S00/B24,0.3674,0,0,2,0.32594,96574,92344,4608,106531.7,79476.8,9957.7,89434.5,0.3731,False,92160,30039
4,6,2,3,S46/B23,0.5128,0,0,1,0.36081,96530,92344,2304,102660.9,83368.6,6130.9,89499.4,0.25694,False,92160,33252
0,2,3,4,S02/B34,0.3383,1,-1,1,0.33878,94942,92344,2304,101072.9,83402.1,6130.9,89533.0,0.05425,True,92160,31222
1,2,2,5,S12/B25,0.4485,0,0,2,0.33192,95306,92344,4608,105263.7,79634.4,9957.7,89592.2,0.24894,False,92160,30590
2,2,2,5,S22/B25,0.4343,0,0,2,0.33318,95666,92344,4608,105623.7,79939.2,9957.7,89896.9,0.23583,False,92160,30706
2,2,2,3,S22/B23,0.3392,-2,-2,1,0.34192,92495,92344,2304,98625.9,83775.5,6130.9,89906.4,0.06337,True,92160,31511
5,5,1,2,S55/B12,0.3459,0,2,1,0.34191,93925,92344,2304,100055.9,83797.2,6130.9,89928.0,0.24479,True,92160,31510
2,3,1,5,S23/B15,0.4775,0,0,2,0.33536,93938,92344,4608,103895.7,80092.2,9957.7,90050.0,0.17803,False,92160,30907
3,3,1,2,S33/B12,0.3454,-2,1,1,0.34385,93244,92344,2304,99374.9,83978.2,6130.9,90109.1,0.27517,True,92160,31689
2,4,1,3,S24/B13,0.466,0,0,2,0.33467,95494,92344,4608,105451.7,80200.2,9957.7,90157.9,0.24753,False,92160,30843
1,1,1,3,S11/B13,0.3568,0,0,2,0.33219,93970,92344,4608,103927.7,80407.0,9957.7,90364.7,0.46212,False,92160,30615
1,1,2,4,S11/B24,0.378,0,0,2,0.33343,96912,92344,4608,106869.7,80409.5,9957.7,90367.3,0.42243,False,92160,30729
0,1,2,4,S01/B24,0.3753,0,0,2,0.33328,96476,92344,4608,106433.7,80415.5,9957.7,90373.2,0.42834,False,92160,30715
5,6,1,2,S56/B12,0.3453,0,-2,1,0.34718,94701,92344,2304,100831.9,84273.4,6130.9,90404.3,0.24175,True,92160,31996
7,7,1,3,S77/B13,0.3625,0,0,2,0.33339,94052,92344,4608,104009.7,80483.0,9957.7,90440.7,0.42309,False,92160,30725
8,8,1,3,S88/B13,0.3578,0,0,2,0.33141,93938,92344,4608,103895.7,80489.8,9957.7,90447.5,0.45473,False,92160,30543
5,5,2,3,S55/B23,0.349,2,2,1,0.3486,97679,92344,2304,103809.9,84317.9,6130.9,90448.8,0.09158,True,92160,32127
0,1,1,3,S01/B13,0.3688,0,0,2,0.33224,93794,92344,4608,103751.7,80493.3,9957.7,90451.0,0.46842,False,92160,30619
2,3,1,2,S23/B12,0.3689,0,0,1,0.35909,96292,92344,2304,102422.9,84377.4,6130.9,90508.2,0.63064,False,92160,33094
1,3,1,5,S13/B15,0.4742,0,0,2,0.33842,94747,92344,4608,104704.7,80558.1,9957.7,90515.8,0.18772,False,92160,31189
7,8,1,3,S78/B13,0.3705,0,0,2,0.33378,94233,92344,4608,104190.7,80586.0,9957.7,90543.7,0.41937,False,92160,30761
6,6,1,5,S66/B15,0.4946,0,0,2,0.33767,97341,92344,4608,107298.7,80690.1,9957.7,90647.9,0.25876,False,92160,31120
2,3,3,4,S23/B34,0.3602,-1,0,1,0.35334,94129,92344,2304,100259.9,84566.5,6130.9,90697.4,0.07161,True,92160,32564
1,2,2,3,S12/B23,0.3594,-2,2,1,0.35036,92219,92344,2304,98349.9,84579.2,6130.9,90710.0,0.09201,True,92160,32289
0,0,1,3,S00/B13,0.3602,0,0,2,0.33293,93996,92344,4608,103953.7,80761.4,9957.7,90719.1,0.46671,False,92160,30683
5,7,1,2,S57/B12,0.3435,-2,-1,1,0.35226,95306,92344,2304,101436.9,84621.1,6130.9,90751.9,0.27778,True,92160,32464
0,2,2,3,S02/B23,0.3579,-2,-2,1,0.3517,92212,92344,2304,98342.9,84698.0,6130.9,90828.9,0.1224,True,92160,32413
4,4,1,5,S44/B15,0.5012,0,0,2,0.33804,95451,92344,4608,105408.7,80933.1,9957.7,90890.9,0.20426,False,92160,31154
5,8,2,3,S58/B23,0.3564,1,1,1,0.35452,97987,92344,2304,104117.9,84801.9,6130.9,90932.8,0.07118,True,92160,32673
5,6,2,3,S56/B23,0.3576,-2,-2,1,0.35433,98322,92344,2304,104452.9,84820.7,6130.9,90951.6,0.102,True,92160,32655
5,8,1,2,S58/B12,0.357,2,2,1,0.35451,95158,92344,2304,101288.9,84838.3,6130.9,90969.2,0.2908,True,92160,32672
0,4,4,7,S04/B47,0.4278,0,0,1,0.37631,95697,92344,2304,101827.9,84977.9,6130.9,91108.8,0.14497,False,92160,34681
4,6,2,6,S46/B26,0.644,-2,-1,1,0.3556,91644,92344,2304,97774.9,84990.4,6130.9,91121.2,0.9566,True,92160,32772
5,7,2,3,S57/B23,0.3625,1,1,1,0.35674,97963,92344,2304,104093.9,85004.3,6130.9,91135.2,0.0829,True,92160,32877
4,4,1,2,S44/B12,0.3558,0,2,1,0.35607,95515,92344,2304,101645.9,85082.0,6130.9,91212.9,0.3138,True,92160,32815
2,6,4,7,S26/B47,0.5976,0,0,1,0.37084,92989,92344,2304,99119.9,85217.9,6130.9,91348.8,0.57378,False,92160,34177
2,6,4,8,S26/B48,0.6084,0,0,1,0.37097,92918,92344,2304,99048.9,85232.1,6130.9,91363.0,0.59071,False,92160,34189
6,6,2,4,S66/B24,0.3835,0,0,2,0.34222,98184,92344,4608,108141.7,81504.2,9957.7,91462.0,0.35434,False,92160,31539
6,8,2,4,S68/B24,0.3911,0,0,2,0.34328,98328,92344,4608,108285.7,81622.0,9957.7,91579.7,0.35147,False,92160,31637
2,6,4,6,S26/B46,0.6078,0,0,1,0.37434,95456,92344,2304,101586.9,85629.7,6130.9,91760.5,0.48655,False,92160,34499
1,5,4,6,S15/B46,0.5027,0,0,1,0.38398,95785,92344,2304,101915.9,85727.2,6130.9,91858.1,0.36675,False,92160,35388
6,7,2,4,S67/B24,0.3936,0,0,2,0.34591,98401,92344,4608,108358.7,81972.3,9957.7,91930.0,0.36057,False,92160,31879
3,3,2,3,S33/B23,0.368,0,2,1,0.36797,97762,92344,2304,103892.9,85916.1,6130.9,92046.9,0.14106,True,92160,33912
3,6,4,6,S36/B46,0.5899,0,0,1,0.37875,95984,92344,2304,102114.9,86076.9,6130.9,92207.7,0.50911,False,92160,34906
2,2,3,7,S22/B37,0.4659,0,0,2,0.34993,98723,92344,4608,108680.7,82388.3,9957.7,92346.0,0.21088,False,92160,32250
1,5,4,7,S15/B47,0.5273,0,0,1,0.39265,96457,92344,2304,102587.9,86276.0,6130.9,92406.8,0.46181,False,92160,36187
3,4,1,2,S34/B12,0.3875,0,0,1,0.37847,99712,92344,2304,105842.9,86362.9,6130.9,92493.8,0.67535,False,92160,34880
4,6,3,7,S46/B37,0.626,2,1,1,0.37319,92208,92344,2304,98338.9,86383.0,6130.9,92513.9,0.86111,True,92160,34393
3,5,1,5,S35/B15,0.5707,0,0,2,0.35193,95068,92344,4608,105025.7,82593.0,9957.7,92550.7,0.30815,False,92160,32434
4,6,3,6,S46/B36,0.6314,1,-2,1,0.37445,93872,92344,2304,100002.9,86466.2,6130.9,92597.1,0.90495,True,92160,34509
2,2,1,3,S22/B13,0.3735,-2,0,1,0.37515,93889,92344,2304,100019.9,86533.8,6130.9,92664.6,0.44184,True,92160,34574
0,2,1,3,S02/B13,0.376,2,-1,1,0.37488,93280,92344,2304,99410.9,86546.2,6130.9,92677.1,0.48524,True,92160,34549
4,5,1,2,S45/B12,0.3742,-2,-2,1,0.37521,98602,92344,2304,104732.9,86549.1,6130.9,92680.0,0.44314,True,92160,34579
6,8,1,5,S68/B15,0.4994,0,0,2,0.35341,98283,92344,4608,108240.7,82724.2,9957.7,92681.9,0.32208,False,92160,32570
6,7,1,5,S67/B15,0.5118,0,0,2,0.35297,98311,92344,4608,108268.7,82752.3,9957.7,92710.0,0.31542,False,92160,32530
4,4,2,3,S44/B23,0.3813,1,2,1,0.37754,100257,92344,2304,106387.9,86631.7,6130.9,92762.5,0.20399,True,92160,34794
1,2,1,3,S12/B13,0.3846,-2,-2,1,0.37657,93912,92344,2304,100042.9,86657.1,6130.9,92788.0,0.47309,True,92160,34705
3,6,2,6,S36/B26,0.6353,0,0,1,0.3826,89701,92344,2304,95831.9,86830.9,6130.9,92961.8,0.88108,False,92160,35260
2,3,2,3,S23/B23,0.3829,-2,-2,1,0.37999,96441,92344,2304,102571.9,86883.6,6130.9,93014.4,0.22917,True,92160,35020
0,4,4,8,S04/B48,0.439,0,0,1,0.39274,97019,92344,2304,103149.9,86942.9,6130.9,93073.7,0.18663,False,92160,36195
3,3,1,4,S33/B14,0.4411,0,0,2,0.35704,96801,92344,4608,106758.7,83160.9,9957.7,93118.6,0.29937,False,92160,32905
4,6,1,2,S46/B12,0.4385,0,0,1,0.39056,101186,92344,2304,107316.9,87006.8,6130.9,93137.7,0.5217,False,92160,35994
1,2,3,5,S12/B35,0.3931,-1,1,1,0.38426,98728,92344,2304,104858.9,87047.2,6130.9,93178.0,0.18229,True,92160,35413
0,3,3,4,S03/B34,0.3867,2,-2,1,0.38312,97710,92344,2304,103840.9,87116.8,6130.9,93247.6,0.21354,True,92160,35308
1,3,2,3,S13/B23,0.3866,0,0,1,0.38229,96162,92344,2304,102292.9,87141.9,6130.9,93272.8,0.22179,False,92160,35232
1,3,3,4,S13/B34,0.3869,2,2,1,0.38461,97597,92344,2304,103727.9,87149.5,6130.9,93280.3,0.19141,True,92160,35446
2,5,4,7,S25/B47,0.5282,0,0,1,0.39638,97286,92344,2304,103416.9,87163.8,6130.9,93294.7,0.4796,False,92160,36530
0,3,2,3,S03/B23,0.3852,0,0,1,0.38407,96302,92344,2304,102432.9,87176.4,6130.9,93307.2,0.18837,False,92160,35396
2,5,4,6,S25/B46,0.5205,0,0,1,0.39732,97340,92344,2304,103470.9,87197.4,6130.9,93328.3,0.41276,False,92160,36617
2,2,3,6,S22/B36,0.4283,0,0,2,0.35863,99227,92344,4608,109184.7,83494.8,9957.7,93452.6,0.31299,False,92160,33051
3,6,3,7,S36/B37,0.6129,-2,-2,1,0.38746,90847,92344,2304,96977.9,87324.7,6130.9,93455.6,0.8151,True,92160,35708
3,6,3,6,S36/B36,0.6062,0,0,1,0.39047,94285,92344,2304,100415.9,87434.0,6130.9,93564.8,0.78472,False,92160,35986
0,2,3,5,S02/B35,0.3931,0,-1,1,0.38905,99332,92344,2304,105462.9,87471.0,6130.9,93601.9,0.24089,True,92160,35855
2,5,4,8,S25/B48,0.5177,0,0,1,0.4,97600,92344,2304,103730.9,87501.5,6130.9,93632.3,0.51128,False,92160,36864
1,5,4,8,S15/B48,0.5322,0,0,1,0.40065,97742,92344,2304,103872.9,87552.2,6130.9,93683.1,0.54818,False,92160,36924
6,6,1,3,S66/B13,0.4011,0,0,2,0.35988,97502,92344,4608,107459.7,83815.5,9957.7,93773.2,0.40391,False,92160,33167
2,2,2,4,S22/B24,0.3966,-2,0,1,0.39174,96972,92344,2304,103102.9,87677.1,6130.9,93808.0,0.30686,True,92160,36103
6,7,1,3,S67/B13,0.3895,2,-1,1,0.3918,98099,92344,2304,104229.9,87733.3,6130.9,93864.1,0.53082,True,92160,36108
1,2,2,4,S12/B24,0.3955,-2,2,1,0.39308,96571,92344,2304,102701.9,87796.6,6130.9,93927.5,0.32986,True,92160,36226
3,3,1,3,S33/B13,0.4062,2,-2,1,0.39327,97737,92344,2304,103867.9,87802.8,6130.9,93933.6,0.55512,True,92160,36244
2,6,3,6,S26/B36,0.6275,0,0,1,0.39669,94747,92344,2304,100877.9,87825.8,6130.9,93956.7,0.71267,False,92160,36559
2,6,2,6,S26/B26,0.6394,0,0,1,0.39626,89887,92344,2304,96017.9,87888.1,6130.9,94018.9,0.80512,False,92160,36519
2,5,1,5,S25/B15,0.5574,0,0,2,0.36284,94983,92344,4608,104940.7,84091.0,9957.7,94048.7,0.304,False,92160,33439
0,2,2,4,S02/B24,0.4099,2,1,1,0.3945,96914,92344,2304,103044.9,87919.3,6130.9,94050.2,0.36849,True,92160,36357
2,6,3,7,S26/B37,0.6158,0,0,1,0.3974,92727,92344,2304,98857.9,87940.6,6130.9,94071.5,0.8342,False,92160,36624
6,8,1,3,S68/B13,0.4093,-2,2,1,0.39488,98137,92344,2304,104267.9,87941.3,6130.9,94072.2,0.5191,True,92160,36392
1,5,4,5,S15/B45,0.5237,0,0,1,0.40138,101035,92344,2304,107165.9,87974.0,6130.9,94104.9,0.37457,False,92160,36991
2,5,4,5,S25/B45,0.5175,0,0,1,0.40161,101240,92344,2304,107370.9,88048.4,6130.9,94179.3,0.36024,False,92160,37012
4,4,3,7,S44/B37,0.5155,0,0,2,0.36413,99922,92344,4608,109879.7,84260.4,9957.7,94218.1,0.3033,False,92160,33558
6,6,1,4,S66/B14,0.4503,0,0,2,0.36432,98533,92344,4608,108490.7,84300.6,9957.7,94258.3,0.31418,False,92160,33576
2,3,1,3,S23/B13,0.4083,2,-2,1,0.39809,97181,92344,2304,103311.9,88156.3,6130.9,94287.2,0.60373,True,92160,36688
0,3,1,4,S03/B14,0.4352,0,0,2,0.3664,96805,92344,4608,106762.7,84334.0,9957.7,94291.7,0.31981,False,92160,33767
1,3,1,3,S13/B13,0.4089,0,0,2,0.36542,96737,92344,4608,106694.7,84385.5,9957.7,94343.2,0.45094,False,92160,33677
0,3,1,3,S03/B13,0.4035,0,0,1,0.39909,96307,92344,2304,102437.9,88245.0,6130.9,94375.8,0.5638,False,92160,36780
4,4,1,4,S44/B14,0.4634,0,0,2,0.36586,98341,92344,4608,108298.7,84466.1,9957.7,94423.9,0.26573,False,92160,33718
1,5,1,5,S15/B15,0.5543,0,0,2,0.36706,94806,92344,4608,104763.7,84564.3,9957.7,94522.1,0.3,False,92160,33828
3,3,2,4,S33/B24,0.4077,2,0,1,0.40232,99667,92344,2304,105797.9,88423.1,6130.9,94554.0,0.40885,True,92160,37078
4,5,3,4,S45/B34,0.3946,0,0,1,0.41203,100734,92344,2304,106864.9,88499.1,6130.9,94630.0,0.39627,False,92160,37973
4,4,3,5,S44/B35,0.4195,-1,0,1,0.40736,100582,92344,2304,106712.9,88519.9,6130.9,94650.8,0.21137,True,92160,37542
1,3,1,4,S13/B14,0.453,0,0,2,0.36901,96749,92344,4608,106706.7,84738.1,9957.7,94695.8,0.2968,False,92160,34008
2,3,3,5,S23/B35,0.4192,-1,-1,1,0.40391,99249,92344,2304,105379.9,88572.9,6130.9,94703.7,0.26259,True,92160,37224
4,4,2,6,S44/B26,0.5195,0,0,2,0.37218,99864,92344,4608,109821.7,84929.6,9957.7,94887.3,0.28952,False,92160,34300
0,4,3,4,S04/B34,0.4561,0,0,1,0.40988,101206,92344,2304,107336.9,88756.8,6130.9,94887.7,0.29123,False,92160,37775
4,5,1,5,S45/B15,0.5647,0,0,2,0.3704,98134,92344,4608,108091.7,84934.4,9957.7,94892.1,0.40414,False,92160,34136
2,3,1,4,S23/B14,0.4408,0,0,2,0.37153,96721,92344,4608,106678.7,84962.1,9957.7,94919.8,0.31447,False,92160,34240
1,2,3,7,S12/B37,0.4545,0,0,2,0.37261,100350,92344,4608,110307.7,84962.9,9957.7,94920.6,0.27305,False,92160,34340
4,4,1,3,S44/B13,0.4087,2,-2,1,0.40836,99504,92344,2304,105634.9,88827.9,6130.9,94958.8,0.54557,True,92160,37634
5,7,1,4,S57/B14,0.5608,0,0,1,0.41161,100064,92344,2304,106194.9,88853.7,6130.9,94984.5,0.18273,False,92160,37934
4,5,2,3,S45/B23,0.4201,1,2,1,0.40942,102143,92344,2304,108273.9,88864.2,6130.9,94995.1,0.45312,True,92160,37732
1,2,3,6,S12/B36,0.4415,0,0,2,0.37249,99984,92344,4608,109941.7,85099.3,9957.7,95057.1,0.35126,False,92160,34329
1,3,3,5,S13/B35,0.4234,2,-2,1,0.41088,100466,92344,2304,106596.9,88951.8,6130.9,95082.6,0.40451,True,92160,37867
2,3,2,4,S23/B24,0.4162,1,2,1,0.41102,98943,92344,2304,105073.9,88969.8,6130.9,95100.7,0.48828,True,92160,37880
3,4,2,3,S34/B23,0.4345,0,0,1,0.41339,102304,92344,2304,108434.9,88994.1,6130.9,95124.9,0.60417,False,92160,38098
3,4,3,4,S34/B34,0.4286,0,-1,1,0.41267,100376,92344,2304,106506.9,89051.4,6130.9,95182.2,0.28342,True,92160,38032
3,3,3,6,S33/B36,0.4408,1,1,1,0.414,101560,92344,2304,107690.9,89067.0,6130.9,95197.9,0.26345,True,92160,38154
0,3,2,4,S03/B24,0.4323,2,2,1,0.41225,98942,92344,2304,105072.9,89068.4,6130.9,95199.3,0.51866,True,92160,37993
5,5,1,3,S55/B13,0.4286,-2,2,1,0.41298,101107,92344,2304,107237.9,89082.0,6130.9,95212.9,0.52214,True,92160,38060
1,3,2,4,S13/B24,0.4261,2,-2,1,0.41304,99067,92344,2304,105197.9,89100.4,6130.9,95231.3,0.50434,True,92160,38066
5,5,2,4,S55/B24,0.4357,2,1,1,0.414,102303,92344,2304,108433.9,89129.7,6130.9,95260.5,0.40017,True,92160,38154
4,5,2,6,S45/B26,0.5747,-2,-2,1,0.41462,98761,92344,2304,104891.9,89141.9,6130.9,95272.7,0.71311,True,92160,38211
0,3,3,5,S03/B35,0.4387,0,-2,1,0.41451,100419,92344,2304,106549.9,89145.4,6130.9,95276.2,0.40885,True,92160,38201
1,4,3,4,S14/B34,0.4497,0,0,1,0.41498,100953,92344,2304,107083.9,89161.7,6130.9,95292.6,0.32769,False,92160,38245
3,3,3,7,S33/B37,0.4805,0,0,2,0.37568,101002,92344,4608,110959.7,85353.7,9957.7,95311.4,0.28472,False,92160,34623
0,2,3,7,S02/B37,0.4635,0,0,2,0.37482,100154,92344,4608,110111.7,85399.1,9957.7,95356.8,0.28262,False,92160,34543
3,4,1,5,S34/B15,0.4995,0,0,2,0.3744,96793,92344,4608,106750.7,85402.3,9957.7,95360.0,0.24726,False,92160,34505
5,6,1,5,S56/B15,0.5654,1,-1,1,0.41589,103020,92344,2304,109150.9,89270.6,6130.9,95401.4,0.6658,True,92160,38328
4,4,3,6,S44/B36,0.4852,0,0,2,0.37663,100663,92344,4608,110620.7,85450.5,9957.7,95408.2,0.31592,False,92160,34710
3,3,2,6,S33/B26,0.4801,0,0,2,0.3755,100230,92344,4608,110187.7,85459.5,9957.7,95417.2,0.24014,False,92160,34606
2,4,3,4,S24/B34,0.4531,0,0,1,0.4167,101207,92344,2304,107337.9,89294.8,6130.9,95425.7,0.3303,False,92160,38403
2,4,1,4,S24/B14,0.4842,0,0,2,0.37728,97583,92344,4608,107540.7,85506.1,9957.7,95463.9,0.2649,False,92160,34770
3,4,1,4,S34/B14,0.4828,0,0,2,0.37637,98051,92344,4608,108008.7,85509.4,9957.7,95467.2,0.27052,False,92160,34686
5,5,2,5,S55/B25,0.4947,0,0,2,0.37668,100401,92344,4608,110358.7,85532.1,9957.7,95489.8,0.32317,False,92160,34715
0,2,3,6,S02/B36,0.4431,-1,-1,1,0.41845,102045,92344,2304,108175.9,89395.6,6130.9,95526.5,0.3967,True,92160,38564
5,8,2,4,S58/B24,0.4907,0,0,1,0.42869,101723,92344,2304,107853.9,89408.2,6130.9,95539.1,0.53342,False,92160,39508
1,4,1,4,S14/B14,0.4814,0,0,2,0.37764,97857,92344,4608,107814.7,85695.7,9957.7,95653.4,0.27286,False,92160,34803
4,5,3,7,S45/B37,0.5668,1,1,1,0.42068,100777,92344,2304,106907.9,89531.0,6130.9,95661.8,0.67491,True,92160,38770
4,5,2,5,S45/B25,0.5553,-2,0,1,0.41984,100831,92344,2304,106961.9,89534.8,6130.9,95665.7,0.68186,True,92160,38692
3,3,2,5,S33/B25,0.4601,-2,-2,1,0.4212,101624,92344,2304,107754.9,89597.8,6130.9,95728.6,0.44401,True,92160,38818
2,3,3,6,S23/B36,0.4472,1,-1,1,0.42205,101652,92344,2304,107782.9,89604.9,6130.9,95735.7,0.39106,True,92160,38896
1,5,3,5,S15/B35,0.5374,0,0,1,0.42507,100874,92344,2304,107004.9,89684.2,6130.9,95815.1,0.54253,False,92160,39174
0,4,1,4,S04/B14,0.4829,0,0,2,0.38115,97815,92344,4608,107772.7,85906.3,9957.7,95864.1,0.28103,False,92160,35127
5,6,2,5,S56/B25,0.5477,0,1,1,0.42466,103097,92344,2304,109227.9,89737.5,6130.9,95868.4,0.58333,True,92160,39137
4,4,2,4,S44/B24,0.4538,1,-2,1,0.42428,103145,92344,2304,109275.9,89755.2,6130.9,95886.0,0.47873,True,92160,39102
3,4,1,3,S34/B13,0.4509,-2,-2,1,0.42413,102171,92344,2304,108301.9,89756.3,6130.9,95887.2,0.53863,True,92160,39088
3,5,3,7,S35/B37,0.5587,2,-2,1,0.42493,99141,92344,2304,105271.9,89780.0,6130.9,95910.8,0.56424,True,92160,39162
1,4,1,5,S14/B15,0.512,0,0,2,0.38123,97438,92344,4608,107395.7,85957.5,9957.7,95915.3,0.25551,False,92160,35134
5,6,2,4,S56/B24,0.4679,-1,-1,1,0.42461,103024,92344,2304,109154.9,89785.8,6130.9,95916.7,0.40972,True,92160,39132
1,3,3,6,S13/B36,0.4475,2,-1,1,0.42457,102131,92344,2304,108261.9,89786.4,6130.9,95917.2,0.48524,True,92160,39128
5,6,1,3,S56/B13,0.447,2,-1,1,0.42399,102330,92344,2304,108460.9,89786.6,6130.9,95917.4,0.47439,True,92160,39075
0,4,1,5,S04/B15,0.5066,0,0,2,0.3815,97238,92344,4608,107195.7,85985.2,9957.7,95942.9,0.26108,False,92160,35159
4,5,3,6,S45/B36,0.5327,1,1,1,0.42556,101506,92344,2304,107636.9,89820.9,6130.9,95951.7,0.64627,True,92160,39220
5,5,1,5,S55/B15,0.5151,0,0,2,0.38038,101135,92344,4608,111092.7,86047.1,9957.7,96004.8,0.34779,False,92160,35056
0,3,3,6,S03/B36,0.46,2,-2,1,0.42676,101952,92344,2304,108082.9,89886.8,6130.9,96017.7,0.48307,True,92160,39330
6,7,1,4,S67/B14,0.4589,-1,-2,1,0.42654,102405,92344,2304,108535.9,89894.2,6130.9,96025.1,0.4171,True,92160,39310
3,5,2,6,S35/B26,0.5521,-2,2,1,0.42599,98157,92344,2304,104287.9,89895.3,6130.9,96026.1,0.58724,True,92160,39259
2,4,1,5,S24/B15,0.5054,0,0,2,0.38102,97019,92344,4608,106976.7,86079.7,9957.7,96037.5,0.24759,False,92160,35115
6,8,1,4,S68/B14,0.4527,-1,-2,1,0.42705,102313,92344,2304,108443.9,89906.7,6130.9,96037.6,0.41536,True,92160,39357
1,4,2,4,S14/B24,0.46,0,0,1,0.42845,102283,92344,2304,108413.9,89947.7,6130.9,96078.6,0.44141,False,92160,39486
2,3,2,5,S23/B25,0.4553,-2,-2,1,0.42762,101328,92344,2304,107458.9,89960.8,6130.9,96091.7,0.49479,True,92160,39409
1,3,2,5,S13/B25,0.4627,2,2,1,0.42809,101266,92344,2304,107396.9,89992.7,6130.9,96123.6,0.50781,True,92160,39453
1,5,3,7,S15/B37,0.5549,1,-2,1,0.42804,99457,92344,2304,105587.9,89996.0,6130.9,96126.8,0.55729,True,92160,39448
3,5,3,6,S35/B36,0.547,-1,2,1,0.42843,99720,92344,2304,105850.9,89997.4,6130.9,96128.2,0.56641,True,92160,39484
2,5,2,6,S25/B26,0.5647,-2,2,1,0.42805,97765,92344,2304,103895.9,90004.2,6130.9,96135.1,0.51259,True,92160,39449
5,7,2,4,S57/B24,0.4655,-1,-1,1,0.42918,103380,92344,2304,109510.9,90011.5,6130.9,96142.3,0.42057,True,92160,39553
2,5,3,5,S25/B35,0.523,0,0,1,0.43006,101193,92344,2304,107323.9,90017.9,6130.9,96148.7,0.54601,False,92160,39634
3,4,3,5,S34/B35,0.4634,1,1,1,0.42893,101192,92344,2304,107322.9,90030.8,6130.9,96161.7,0.39193,True,92160,39530
0,3,2,5,S03/B25,0.4638,-2,0,1,0.42935,101434,92344,2304,107564.9,90038.9,6130.9,96169.8,0.5178,True,92160,39569
3,5,2,5,S35/B25,0.5515,2,2,1,0.42973,99156,92344,2304,105286.9,90048.6,6130.9,96179.5,0.55729,True,92160,39604
3,4,2,4,S34/B24,0.4686,2,1,1,0.43005,102204,92344,2304,108334.9,90067.2,6130.9,96198.1,0.49826,True,92160,39633
0,4,3,5,S04/B35,0.474,2,2,1,0.43021,101812,92344,2304,107942.9,90071.3,6130.9,96202.1,0.50043,True,92160,39648
2,5,3,7,S25/B37,0.5468,1,-2,1,0.42984,99522,92344,2304,105652.9,90085.4,6130.9,96216.2,0.56076,True,92160,39614
4,5,1,3,S45/B13,0.4688,1,2,1,0.43044,103357,92344,2304,109487.9,90086.2,6130.9,96217.0,0.4783,True,92160,39669
2,4,3,5,S24/B35,0.4706,2,-2,1,0.43034,101751,92344,2304,107881.9,90088.8,6130.9,96219.7,0.4783,True,92160,39660
0,4,2,4,S04/B24,0.4727,0,0,1,0.43103,102317,92344,2304,108447.9,90104.0,6130.9,96234.8,0.44661,False,92160,39724
1,4,3,5,S14/B35,0.4689,1,-2,1,0.43058,101574,92344,2304,107704.9,90113.6,6130.9,96244.5,0.46745,True,92160,39682
1,5,2,5,S15/B25,0.5437,2,-2,1,0.43032,99212,92344,2304,105342.9,90126.6,6130.9,96257.4,0.50434,True,92160,39658
1,5,2,6,S15/B26,0.5589,2,-2,1,0.43102,97955,92344,2304,104085.9,90137.4,6130.9,96268.2,0.54557,True,92160,39723
4,5,3,5,S45/B35,0.5214,1,-2,1,0.43158,102772,92344,2304,108902.9,90150.9,6130.9,96281.7,0.5599,True,92160,39774
2,5,2,5,S25/B25,0.5536,-2,-2,1,0.43111,99313,92344,2304,105443.9,90151.1,6130.9,96281.9,0.53429,True,92160,39731
2,3,3,7,S23/B37,0.4748,-1,1,1,0.43204,102590,92344,2304,108720.9,90155.0,6130.9,96285.9,0.43273,True,92160,39817
3,5,3,5,S35/B35,0.521,0,0,1,0.43175,101313,92344,2304,107443.9,90155.9,6130.9,96286.8,0.57422,False,92160,39790
3,4,3,6,S34/B36,0.489,2,2,1,0.43202,102329,92344,2304,108459.9,90169.9,6130.9,96300.8,0.46224,True,92160,39815
2,4,2,4,S24/B24,0.4613,-2,2,1,0.43167,101646,92344,2304,107776.9,90203.1,6130.9,96333.9,0.49609,True,92160,39783
4,5,1,4,S45/B14,0.5251,2,-2,1,0.43222,103195,92344,2304,109325.9,90205.7,6130.9,96336.6,0.49219,True,92160,39833
1,5,3,6,S15/B36,0.5575,-2,1,1,0.43239,99828,92344,2304,105958.9,90210.7,6130.9,96341.5,0.54036,True,92160,39849
1,3,3,7,S13/B37,0.4743,-1,-2,1,0.43239,102596,92344,2304,108726.9,90230.0,6130.9,96360.9,0.45356,True,92160,39849
0,3,3,7,S03/B37,0.4797,2,-2,1,0.43274,102768,92344,2304,108898.9,90250.4,6130.9,96381.2,0.44184,True,92160,39881
2,5,3,6,S25/B36,0.5391,-2,-2,1,0.43333,99707,92344,2304,105837.9,90268.2,6130.9,96399.1,0.48698,True,92160,39936
3,4,2,6,S34/B26,0.5096,-2,2,1,0.4342,101800,92344,2304,107930.9,90306.0,6130.9,96436.9,0.39714,True,92160,40016
5,8,1,3,S58/B13,0.4843,-1,-1,1,0.43405,102901,92344,2304,109031.9,90315.9,6130.9,96446.8,0.47873,True,92160,40002
4,5,2,4,S45/B24,0.5174,2,-1,1,0.43438,103198,92344,2304,109328.9,90317.6,6130.9,96448.5,0.48003,True,92160,40032
5,7,1,3,S57/B13,0.4778,1,-1,1,0.43456,103274,92344,2304,109404.9,90318.0,6130.9,96448.9,0.50043,True,92160,40049
0,4,3,6,S04/B36,0.501,-1,-2,1,0.43484,102122,92344,2304,108252.9,90321.8,6130.9,96452.6,0.48785,True,92160,40075
3,4,3,7,S34/B37,0.4991,-1,1,1,0.43495,102819,92344,2304,108949.9,90335.8,6130.9,96466.7,0.47352,True,92160,40085
4,4,2,5,S44/B25,0.4859,2,-2,1,0.43519,102832,92344,2304,108962.9,90341.8,6130.9,96472.6,0.39062,True,92160,40107
5,6,1,4,S56/B14,0.511,2,1,1,0.43442,103666,92344,2304,109796.9,90343.4,6130.9,96474.3,0.49436,True,92160,40036
1,3,2,6,S13/B26,0.4819,-2,2,1,0.43558,102055,92344,2304,108185.9,90348.3,6130.9,96479.1,0.40365,True,92160,40143
1,4,3,6,S14/B36,0.4883,2,-1,1,0.43474,102029,92344,2304,108159.9,90360.6,6130.9,96491.5,0.44705,True,92160,40066
2,3,2,6,S23/B26,0.4773,1,-2,1,0.43498,102369,92344,2304,108499.9,90367.4,6130.9,96498.3,0.3724,True,92160,40088
0,3,2,6,S03/B26,0.4745,2,-2,1,0.43496,102099,92344,2304,108229.9,90369.0,6130.9,96499.8,0.40321,True,92160,40086
2,4,3,6,S24/B36,0.4964,2,2,1,0.43465,102009,92344,2304,108139.9,90375.4,6130.9,96506.3,0.47179,True,92160,40057
1,4,3,7,S14/B37,0.4979,2,-1,1,0.43518,102138,92344,2304,108268.9,90397.7,6130.9,96528.6,0.44835,True,92160,40106
2,4,3,7,S24/B37,0.5083,-1,-2,1,0.43583,102006,92344,2304,108136.9,90411.5,6130.9,96542.3,0.46615,True,92160,40166
5,5,1,4,S55/B14,0.4764,-2,0,1,0.43674,103548,92344,2304,109678.9,90419.4,6130.9,96550.3,0.42057,True,92160,40250
0,4,3,7,S04/B37,0.4984,2,-1,1,0.43767,102408,92344,2304,108538.9,90433.1,6130.9,96563.9,0.43837,True,92160,40336
1,4,2,5,S14/B25,0.4902,-2,-2,1,0.43686,101385,92344,2304,107515.9,90441.0,6130.9,96571.9,0.44748,True,92160,40261
3,4,2,5,S34/B25,0.4828,-2,-2,1,0.43688,102068,92344,2304,108198.9,90444.3,6130.9,96575.1,0.42665,True,92160,40263
0,4,2,6,S04/B26,0.5008,2,-2,1,0.43651,101612,92344,2304,107742.9,90444.6,6130.9,96575.4,0.43663,True,92160,40229
0,4,2,5,S04/B25,0.4934,-2,-2,1,0.43649,101537,92344,2304,107667.9,90448.5,6130.9,96579.4,0.44444,True,92160,40227
2,4,2,5,S24/B25,0.4924,2,-2,1,0.43716,101575,92344,2304,107705.9,90460.3,6130.9,96591.2,0.44271,True,92160,40289
2,4,2,6,S24/B26,0.5021,2,2,1,0.43793,101395,92344,2304,107525.9,90495.9,6130.9,96626.7,0.40234,True,92160,40360
1,4,2,6,S14/B26,0.5192,2,-2,1,0.43821,101603,92344,2304,107733.9,90517.2,6130.9,96648.1,0.41667,True,92160,40385
